,choice,state_id,I,C,P
"1-1",0,11,2,1,4
"2-1",1,10,1,1,4
"3-1",1,1,1,0,4
"4-1",0,11,2,1,4
"5-1",0,10,1,1,4
"6-1",1,9,0,1,4
"7-1",1,9,0,1,4
"8-1",1,9,0,1,4
"9-1",0,0,0,0,4
"10-1",1,0,0,0,4
"11-1",1,28,1,1,1
"12-1",0,1,1,0,4
"13-1",0,10,1,1,4
"14-1",0,9,0,1,4
"15-1",1,27,0,1,1
"16-1",1,18,0,0,1
"17-1",0,1,1,0,4
"18-1",1,19,1,0,1
"19-1",1,11,2,1,4
"20-1",0,11,2,1,4
"21-1",1,19,1,0,1
"22-1",0,11,2,1,4
"23-1",0,10,1,1,4
"24-1",1,9,0,1,4
"25-1",1,18,0,0,1
"26-1",1,10,1,1,4
"27-1",0,1,1,0,4
"28-1",1,10,1,1,4
"29-1",1,10,1,1,4
"30-1",1,1,1,0,4
"31-1",1,2,2,0,4
"32-1",0,12,3,1,4
"33-1",0,2,2,0,4
"34-1",0,11,2,1,4
"35-1",0,10,1,1,4
"36-1",1,0,0,0,4
"37-1",1,1,1,0,4
"38-1",0,2,2,0,4
"39-1",1,2,2,0,4
"40-1",0,3,3,0,4
"41-1",0,12,3,1,4
"42-1",1,11,2,1,4
"43-1",1,29,2,1,1
"44-1",0,11,2,1,4
"45-1",0,28,1,1,1
"46-1",1,9,0,1,4
"47-1",1,9,0,1,4
"48-1",1,0,0,0,4
"49-1",0,1,1,0,4
"50-1",1,1,1,0,4
"51-1",0,11,2,1,4
"52-1",0,10,1,1,4
"53-1",1,0,0,0,4
"54-1",0,10,1,1,4
"55-1",0,9,0,1,4
"56-1",1,9,0,1,4
"57-1",1,0,0,0,4
"58-1",1,1,1,0,4
"59-1",0,2,2,0,4
"60-1",0,11,2,1,4
"61-1",1,10,1,1,4
"62-1",0,1,1,0,4
"63-1",0,10,1,1,4
"64-1",0,0,0,0,4
"65-1",1,9,0,1,4
"66-1",1,9,0,1,4
"67-1",1,0,0,0,4
"68-1",1,10,1,1,4
"69-1",1,28,1,1,1
"70-1",1,10,1,1,4
"71-1",0,1,1,0,4
"72-1",1,10,1,1,4
"73-1",0,10,1,1,4
"74-1",1,18,0,0,1
"75-1",1,10,1,1,4
"76-1",0,1,1,0,4
"77-1",0,1,1,0,4
"78-1",1,28,1,1,1
"79-1",1,10,1,1,4
"80-1",1,10,1,1,4
"81-1",1,1,1,0,4
"82-1",0,2,2,0,4
"83-1",0,11,2,1,4
"84-1",0,1,1,0,4
"85-1",1,28,1,1,1
"86-1",1,28,1,1,1
"87-1",0,1,1,0,4
"88-1",0,1,1,0,4
"89-1",1,28,1,1,1
"90-1",0,1,1,0,4
"91-1",0,10,1,1,4
"92-1",1,9,0,1,4
"93-1",0,0,0,0,4
"94-1",1,9,0,1,4
"95-1",1,0,0,0,4
"96-1",1,10,1,1,4
"97-1",0,1,1,0,4
"98-1",0,1,1,0,4
"99-1",1,1,1,0,4
"100-1",0,2,2,0,4
"101-1",0,11,2,1,4
"102-1",1,10,1,1,4
"103-1",0,10,1,1,4
"104-1",0,0,0,0,4
"105-1",1,9,0,1,4
"106-1",1,9,0,1,4
"107-1",1,0,0,0,4
"108-1",1,28,1,1,1
"109-1",1,1,1,0,4
"110-1",0,2,2,0,4
"111-1",0,11,2,1,4
"112-1",0,10,1,1,4
"113-1",1,18,0,0,1
"114-1",1,1,1,0,4
"115-1",0,2,2,0,4
"116-1",0,11,2,1,4
"117-1",1,1,1,0,4
"118-1",1,2,2,0,4
"119-1",1,3,3,0,4
"120-1",1,4,4,0,4
"121-1",0,14,5,1,4
"122-1",0,4,4,0,4
"123-1",0,4,4,0,4
"124-1",0,13,4,1,4
"125-1",0,12,3,1,4
"126-1",0,2,2,0,4
"127-1",1,2,2,0,4
"128-1",0,3,3,0,4
"129-1",1,30,3,1,1
"130-1",0,3,3,0,4
"131-1",1,3,3,0,4
"132-1",0,13,4,1,4
"133-1",0,3,3,0,4
"134-1",1,21,3,0,1
"135-1",0,13,4,1,4
"136-1",0,30,3,1,1
"137-1",0,11,2,1,4
"138-1",1,19,1,0,1
"139-1",1,11,2,1,4
"140-1",1,11,2,1,4
"141-1",1,29,2,1,1
"142-1",1,2,2,0,4
"143-1",1,3,3,0,4
"144-1",0,13,4,1,4
"145-1",1,3,3,0,4
"146-1",1,31,4,1,1
"147-1",0,4,4,0,4
"148-1",0,13,4,1,4
"149-1",0,3,3,0,4
"150-1",1,21,3,0,1
"151-1",0,4,4,0,4
"152-1",1,31,4,1,1
"153-1",0,13,4,1,4
"154-1",0,12,3,1,4
"155-1",1,2,2,0,4
"156-1",0,12,3,1,4
"157-1",0,2,2,0,4
"158-1",1,2,2,0,4
"159-1",0,12,3,1,4
"160-1",1,29,2,1,1
"161-1",0,2,2,0,4
"162-1",0,11,2,1,4
"163-1",1,19,1,0,1
"164-1",0,2,2,0,4
"165-1",0,11,2,1,4
"166-1",1,10,1,1,4
"167-1",1,1,1,0,4
"168-1",1,2,2,0,4
"169-1",0,12,3,1,4
"170-1",1,11,2,1,4
"171-1",1,29,2,1,1
"172-1",0,11,2,1,4
"173-1",1,10,1,1,4
"174-1",1,1,1,0,4
"175-1",1,29,2,1,1
"176-1",1,11,2,1,4
"177-1",0,2,2,0,4
"178-1",1,20,2,0,1
"179-1",0,3,3,0,4
"180-1",0,3,3,0,4
"181-1",0,3,3,0,4
"182-1",1,3,3,0,4
"183-1",1,31,4,1,1
"184-1",1,4,4,0,4
"185-1",0,14,5,1,4
"186-1",0,4,4,0,4
"187-1",0,4,4,0,4
"188-1",1,4,4,0,4
"189-1",0,14,5,1,4
"190-1",1,22,4,0,1
"191-1",0,14,5,1,4
"192-1",1,22,4,0,1
"193-1",0,14,5,1,4
"194-1",0,22,4,0,1
"195-1",0,13,4,1,4
"196-1",0,12,3,1,4
"197-1",1,2,2,0,4
"198-1",0,3,3,0,4
"199-1",0,3,3,0,4
"200-1",1,30,3,1,1
"201-1",1,30,3,1,1
"202-1",0,3,3,0,4
"203-1",1,12,3,1,4
"204-1",0,3,3,0,4
"205-1",1,12,3,1,4
"206-1",0,12,3,1,4
"207-1",0,20,2,0,1
"208-1",0,2,2,0,4
"209-1",1,2,2,0,4
"210-1",1,3,3,0,4
"211-1",0,4,4,0,4
"212-1",1,13,4,1,4
"213-1",0,13,4,1,4
"214-1",1,3,3,0,4
"215-1",0,13,4,1,4
"216-1",1,30,3,1,1
"217-1",0,12,3,1,4
"218-1",1,29,2,1,1
"219-1",0,11,2,1,4
"220-1",1,10,1,1,4
"221-1",0,1,1,0,4
"222-1",0,1,1,0,4
"223-1",1,28,1,1,1
"224-1",0,10,1,1,4
"225-1",0,0,0,0,4
"226-1",0,0,0,0,4
"227-1",0,0,0,0,4
"228-1",1,18,0,0,1
"229-1",0,1,1,0,4
"230-1",0,1,1,0,4
"231-1",1,10,1,1,4
"232-1",1,10,1,1,4
"233-1",0,10,1,1,4
"234-1",1,0,0,0,4
"235-1",1,10,1,1,4
"236-1",1,19,1,0,1
"237-1",0,11,2,1,4
"238-1",1,19,1,0,1
"239-1",1,2,2,0,4
"240-1",1,12,3,1,4
"241-1",0,3,3,0,4
"242-1",1,30,3,1,1
"243-1",0,3,3,0,4
"244-1",0,3,3,0,4
"245-1",0,12,3,1,4
"246-1",1,11,2,1,4
"247-1",1,11,2,1,4
"248-1",0,11,2,1,4
"249-1",0,10,1,1,4
"250-1",1,18,0,0,1
"251-1",0,10,1,1,4
"252-1",0,9,0,1,4
"253-1",1,9,0,1,4
"254-1",1,9,0,1,4
"255-1",0,0,0,0,4
"256-1",0,0,0,0,4
"257-1",1,9,0,1,4
"258-1",1,0,0,0,4
"259-1",1,28,1,1,1
"260-1",1,1,1,0,4
"261-1",0,20,2,0,1
"262-1",1,29,2,1,1
"263-1",0,2,2,0,4
"264-1",0,11,2,1,4
"265-1",1,10,1,1,4
"266-1",1,19,1,0,1
"267-1",0,2,2,0,4
"268-1",0,11,2,1,4
"269-1",1,10,1,1,4
"270-1",0,1,1,0,4
"271-1",1,19,1,0,1
"272-1",0,11,2,1,4
"273-1",1,28,1,1,1
"274-1",0,1,1,0,4
"275-1",1,19,1,0,1
"276-1",1,11,2,1,4
"277-1",1,29,2,1,1
"278-1",1,11,2,1,4
"279-1",0,2,2,0,4
"280-1",0,2,2,0,4
"281-1",1,20,2,0,1
"282-1",1,12,3,1,4
"283-1",0,12,3,1,4
"284-1",0,2,2,0,4
"285-1",0,2,2,0,4
"286-1",1,2,2,0,4
"287-1",1,12,3,1,4
"288-1",0,3,3,0,4
"289-1",1,12,3,1,4
"290-1",1,12,3,1,4
"291-1",0,12,3,1,4
"292-1",0,11,2,1,4
"293-1",1,28,1,1,1
"294-1",0,10,1,1,4
"295-1",1,18,0,0,1
"296-1",1,1,1,0,4
"297-1",0,2,2,0,4
"298-1",0,2,2,0,4
"299-1",1,11,2,1,4
"300-1",0,11,2,1,4
"301-1",1,1,1,0,4
"302-1",1,2,2,0,4
"303-1",1,30,3,1,1
"304-1",1,3,3,0,4
"305-1",0,13,4,1,4
"306-1",1,3,3,0,4
"307-1",0,22,4,0,1
"308-1",0,4,4,0,4
"309-1",1,4,4,0,4
"310-1",1,32,5,1,1
"311-1",1,5,5,0,4
"312-1",0,15,6,1,4
"313-1",1,5,5,0,4
"314-1",0,6,6,0,4
"315-1",0,6,6,0,4
"316-1",1,15,6,1,4
"317-1",0,6,6,0,4
"318-1",0,6,6,0,4
"319-1",0,6,6,0,4
"320-1",0,33,6,1,1
"321-1",0,14,5,1,4
"322-1",0,13,4,1,4
"323-1",0,12,3,1,4
"324-1",0,11,2,1,4
"325-1",1,1,1,0,4
"326-1",0,11,2,1,4
"327-1",1,19,1,0,1
"328-1",1,29,2,1,1
"329-1",0,2,2,0,4
"330-1",1,20,2,0,1
"331-1",1,3,3,0,4
"332-1",1,13,4,1,4
"333-1",1,13,4,1,4
"334-1",0,4,4,0,4
"335-1",1,13,4,1,4
"336-1",0,13,4,1,4
"337-1",0,12,3,1,4
"338-1",0,2,2,0,4
"339-1",0,2,2,0,4
"340-1",0,2,2,0,4
"341-1",1,29,2,1,1
"342-1",0,2,2,0,4
"343-1",0,2,2,0,4
"344-1",1,20,2,0,1
"345-1",0,12,3,1,4
"346-1",1,2,2,0,4
"347-1",1,30,3,1,1
"348-1",0,3,3,0,4
"349-1",1,3,3,0,4
"350-1",0,4,4,0,4
"351-1",0,4,4,0,4
"352-1",0,13,4,1,4
"353-1",0,12,3,1,4
"354-1",0,11,2,1,4
"355-1",0,10,1,1,4
"356-1",0,9,0,1,4
"357-1",1,27,0,1,1
"358-1",1,0,0,0,4
"359-1",1,1,1,0,4
"360-1",1,29,2,1,1
"361-1",1,2,2,0,4
"362-1",1,30,3,1,1
"363-1",0,3,3,0,4
"364-1",0,12,3,1,4
"365-1",0,2,2,0,4
"366-1",1,20,2,0,1
"367-1",0,12,3,1,4
"368-1",0,11,2,1,4
"369-1",0,1,1,0,4
"370-1",0,1,1,0,4
"371-1",1,10,1,1,4
"372-1",1,28,1,1,1
"373-1",0,10,1,1,4
"374-1",0,0,0,0,4
"375-1",1,0,0,0,4
"376-1",1,10,1,1,4
"377-1",1,19,1,0,1
"378-1",0,2,2,0,4
"379-1",0,2,2,0,4
"380-1",0,2,2,0,4
"381-1",1,29,2,1,1
"382-1",0,2,2,0,4
"383-1",1,11,2,1,4
"384-1",1,20,2,0,1
"385-1",0,12,3,1,4
"386-1",1,29,2,1,1
"387-1",1,29,2,1,1
"388-1",0,2,2,0,4
"389-1",1,20,2,0,1
"390-1",0,12,3,1,4
"391-1",1,20,2,0,1
"392-1",1,12,3,1,4
"393-1",0,30,3,1,1
"394-1",1,11,2,1,4
"395-1",0,2,2,0,4
"396-1",1,11,2,1,4
"397-1",0,2,2,0,4
"398-1",1,29,2,1,1
"399-1",0,2,2,0,4
"400-1",1,20,2,0,1
"401-1",0,12,3,1,4
"402-1",1,29,2,1,1
"403-1",0,2,2,0,4
"404-1",0,11,2,1,4
"405-1",1,19,1,0,1
"406-1",1,2,2,0,4
"407-1",0,3,3,0,4
"408-1",1,30,3,1,1
"409-1",1,21,3,0,1
"410-1",0,13,4,1,4
"411-1",1,21,3,0,1
"412-1",0,4,4,0,4
"413-1",0,4,4,0,4
"414-1",1,4,4,0,4
"415-1",0,5,5,0,4
"416-1",0,32,5,1,1
"417-1",1,13,4,1,4
"418-1",0,4,4,0,4
"419-1",0,4,4,0,4
"420-1",0,4,4,0,4
"421-1",0,13,4,1,4
"422-1",0,3,3,0,4
"423-1",0,12,3,1,4
"424-1",1,11,2,1,4
"425-1",1,20,2,0,1
"426-1",0,12,3,1,4
"427-1",0,29,2,1,1
"428-1",1,19,1,0,1
"429-1",1,20,2,0,1
"430-1",0,12,3,1,4
"431-1",1,29,2,1,1
"432-1",0,2,2,0,4
"433-1",1,2,2,0,4
"434-1",0,3,3,0,4
"435-1",1,21,3,0,1
"436-1",1,22,4,0,1
"437-1",0,14,5,1,4
"438-1",0,13,4,1,4
"439-1",0,12,3,1,4
"440-1",1,2,2,0,4
"441-1",0,12,3,1,4
"442-1",1,20,2,0,1
"443-1",1,3,3,0,4
"444-1",0,13,4,1,4
"445-1",0,3,3,0,4
"446-1",0,12,3,1,4
"447-1",1,2,2,0,4
"448-1",1,21,3,0,1
"449-1",1,4,4,0,4
"450-1",0,14,5,1,4
"451-1",0,4,4,0,4
"452-1",1,4,4,0,4
"453-1",0,5,5,0,4
"454-1",0,5,5,0,4
"455-1",1,14,5,1,4
"456-1",0,5,5,0,4
"457-1",1,23,5,0,1
"458-1",0,6,6,0,4
"459-1",0,15,6,1,4
"460-1",0,14,5,1,4
"461-1",0,4,4,0,4
"462-1",1,13,4,1,4
"463-1",0,4,4,0,4
"464-1",0,4,4,0,4
"465-1",0,13,4,1,4
"466-1",1,21,3,0,1
"467-1",0,13,4,1,4
"468-1",0,3,3,0,4
"469-1",0,3,3,0,4
"470-1",0,12,3,1,4
"471-1",0,11,2,1,4
"472-1",1,28,1,1,1
"473-1",1,10,1,1,4
"474-1",1,10,1,1,4
"475-1",0,10,1,1,4
"476-1",1,18,0,0,1
"477-1",0,1,1,0,4
"478-1",0,10,1,1,4
"479-1",1,9,0,1,4
"480-1",1,27,0,1,1
"481-1",1,0,0,0,4
"482-1",1,10,1,1,4
"483-1",0,10,1,1,4
"484-1",1,9,0,1,4
"485-1",1,27,0,1,1
"486-1",1,27,0,1,1
"487-1",1,9,0,1,4
"488-1",1,9,0,1,4
"489-1",0,0,0,0,4
"490-1",1,9,0,1,4
"491-1",1,0,0,0,4
"492-1",1,1,1,0,4
"493-1",1,2,2,0,4
"494-1",1,30,3,1,1
"495-1",0,3,3,0,4
"496-1",1,21,3,0,1
"497-1",0,4,4,0,4
"498-1",1,22,4,0,1
"499-1",0,5,5,0,4
"500-1",1,14,5,1,4
"501-1",1,5,5,0,4
"502-1",0,15,6,1,4
"503-1",1,23,5,0,1
"504-1",0,6,6,0,4
"505-1",1,24,6,0,1
"506-1",1,7,7,0,4
"507-1",0,17,8,1,4
"508-1",1,7,7,0,4
"509-1",0,8,8,0,4
"510-1",0,17,8,1,4
"511-1",0,16,7,1,4
"512-1",0,15,6,1,4
"513-1",0,14,5,1,4
"514-1",0,4,4,0,4
"515-1",0,4,4,0,4
"516-1",1,13,4,1,4
"517-1",1,13,4,1,4
"518-1",0,13,4,1,4
"519-1",1,3,3,0,4
"520-1",0,22,4,0,1
"521-1",0,13,4,1,4
"522-1",0,3,3,0,4
"523-1",0,12,3,1,4
"524-1",1,29,2,1,1
"525-1",1,2,2,0,4
"526-1",1,3,3,0,4
"527-1",0,4,4,0,4
"528-1",1,13,4,1,4
"529-1",1,4,4,0,4
"530-1",0,23,5,0,1
"531-1",0,14,5,1,4
"532-1",0,13,4,1,4
"533-1",1,30,3,1,1
"534-1",1,12,3,1,4
"535-1",1,12,3,1,4
"536-1",0,12,3,1,4
"537-1",0,2,2,0,4
"538-1",0,2,2,0,4
"539-1",0,11,2,1,4
"540-1",0,1,1,0,4
"541-1",0,1,1,0,4
"542-1",1,1,1,0,4
"543-1",1,29,2,1,1
"544-1",0,11,2,1,4
"545-1",1,10,1,1,4
"546-1",0,1,1,0,4
"547-1",0,10,1,1,4
"548-1",1,9,0,1,4
"549-1",1,9,0,1,4
"550-1",0,0,0,0,4
"551-1",0,0,0,0,4
"552-1",1,9,0,1,4
"553-1",1,0,0,0,4
"554-1",0,10,1,1,4
"555-1",0,0,0,0,4
"556-1",0,0,0,0,4
"557-1",1,27,0,1,1
"558-1",1,9,0,1,4
"559-1",1,9,0,1,4
"560-1",1,9,0,1,4
"561-1",1,9,0,1,4
"562-1",1,9,0,1,4
"563-1",1,0,0,0,4
"564-1",1,10,1,1,4
"565-1",1,1,1,0,4
"566-1",1,29,2,1,1
"567-1",0,11,2,1,4
"568-1",1,1,1,0,4
"569-1",1,29,2,1,1
"570-1",0,2,2,0,4
"571-1",1,2,2,0,4
"572-1",0,3,3,0,4
"573-1",0,3,3,0,4
"574-1",1,21,3,0,1
"575-1",1,22,4,0,1
"576-1",1,23,5,0,1
"577-1",0,6,6,0,4
"578-1",0,6,6,0,4
"579-1",0,24,6,0,1
"580-1",0,6,6,0,4
"581-1",0,6,6,0,4
"582-1",0,6,6,0,4
"583-1",1,6,6,0,4
"584-1",0,16,7,1,4
"585-1",0,24,6,0,1
"586-1",0,15,6,1,4
"587-1",0,14,5,1,4
"588-1",0,4,4,0,4
"589-1",1,4,4,0,4
"590-1",0,32,5,1,1
"591-1",1,31,4,1,1
"592-1",1,31,4,1,1
"593-1",0,13,4,1,4
"594-1",1,30,3,1,1
"595-1",0,3,3,0,4
"596-1",1,30,3,1,1
"597-1",0,12,3,1,4
"598-1",1,20,2,0,1
"599-1",0,3,3,0,4
"600-1",0,3,3,0,4
"601-1",0,3,3,0,4
"602-1",0,3,3,0,4
"603-1",0,3,3,0,4
"604-1",1,3,3,0,4
"605-1",1,31,4,1,1
"606-1",0,4,4,0,4
"607-1",0,4,4,0,4
"608-1",1,22,4,0,1
"609-1",0,5,5,0,4
"610-1",1,32,5,1,1
"611-1",0,5,5,0,4
"612-1",1,32,5,1,1
"613-1",0,14,5,1,4
"614-1",1,4,4,0,4
"615-1",1,23,5,0,1
"616-1",1,33,6,1,1
"617-1",0,6,6,0,4
"618-1",0,6,6,0,4
"619-1",0,6,6,0,4
"620-1",1,24,6,0,1
"621-1",0,7,7,0,4
"622-1",0,7,7,0,4
"623-1",1,16,7,1,4
"624-1",0,7,7,0,4
"625-1",0,16,7,1,4
"626-1",1,24,6,0,1
"627-1",1,25,7,0,1
"628-1",0,26,8,0,1
"629-1",0,17,8,1,4
"630-1",0,16,7,1,4
"631-1",0,6,6,0,4
"632-1",0,6,6,0,4
"633-1",0,15,6,1,4
"634-1",1,14,5,1,4
"635-1",1,32,5,1,1
"636-1",0,14,5,1,4
"637-1",0,4,4,0,4
"638-1",0,13,4,1,4
"639-1",0,3,3,0,4
"640-1",0,3,3,0,4
"641-1",1,3,3,0,4
"642-1",1,22,4,0,1
"643-1",0,14,5,1,4
"644-1",0,13,4,1,4
"645-1",0,12,3,1,4
"646-1",0,11,2,1,4
"647-1",0,1,1,0,4
"648-1",1,10,1,1,4
"649-1",0,1,1,0,4
"650-1",1,28,1,1,1
"651-1",1,1,1,0,4
"652-1",1,11,2,1,4
"653-1",1,20,2,0,1
"654-1",0,3,3,0,4
"655-1",1,21,3,0,1
"656-1",0,13,4,1,4
"657-1",0,3,3,0,4
"658-1",0,21,3,0,1
"659-1",0,12,3,1,4
"660-1",0,2,2,0,4
"661-1",0,2,2,0,4
"662-1",1,11,2,1,4
"663-1",1,11,2,1,4
"664-1",1,29,2,1,1
"665-1",0,2,2,0,4
"666-1",0,2,2,0,4
"667-1",1,2,2,0,4
"668-1",1,30,3,1,1
"669-1",0,3,3,0,4
"670-1",0,3,3,0,4
"671-1",0,12,3,1,4
"672-1",0,2,2,0,4
"673-1",1,29,2,1,1
"674-1",1,11,2,1,4
"675-1",1,29,2,1,1
"676-1",1,29,2,1,1
"677-1",1,2,2,0,4
"678-1",0,12,3,1,4
"679-1",1,20,2,0,1
"680-1",0,3,3,0,4
"681-1",0,12,3,1,4
"682-1",0,2,2,0,4
"683-1",0,2,2,0,4
"684-1",1,2,2,0,4
"685-1",0,30,3,1,1
"686-1",0,2,2,0,4
"687-1",1,11,2,1,4
"688-1",0,2,2,0,4
"689-1",1,29,2,1,1
"690-1",1,2,2,0,4
"691-1",1,30,3,1,1
"692-1",1,12,3,1,4
"693-1",0,3,3,0,4
"694-1",0,3,3,0,4
"695-1",0,12,3,1,4
"696-1",0,2,2,0,4
"697-1",1,29,2,1,1
"698-1",1,2,2,0,4
"699-1",1,3,3,0,4
"700-1",0,4,4,0,4
"701-1",1,31,4,1,1
"702-1",0,13,4,1,4
"703-1",1,3,3,0,4
"704-1",0,13,4,1,4
"705-1",1,12,3,1,4
"706-1",0,3,3,0,4
"707-1",0,12,3,1,4
"708-1",1,29,2,1,1
"709-1",1,2,2,0,4
"710-1",0,3,3,0,4
"711-1",1,30,3,1,1
"712-1",1,3,3,0,4
"713-1",0,4,4,0,4
"714-1",1,31,4,1,1
"715-1",1,13,4,1,4
"716-1",0,4,4,0,4
"717-1",1,22,4,0,1
"718-1",1,5,5,0,4
"719-1",0,6,6,0,4
"720-1",0,6,6,0,4
"721-1",0,6,6,0,4
"722-1",0,6,6,0,4
"723-1",0,6,6,0,4
"724-1",1,6,6,0,4
"725-1",0,16,7,1,4
"726-1",0,6,6,0,4
"727-1",1,24,6,0,1
"728-1",0,7,7,0,4
"729-1",0,16,7,1,4
"730-1",0,15,6,1,4
"731-1",0,14,5,1,4
"732-1",1,31,4,1,1
"733-1",0,13,4,1,4
"734-1",1,3,3,0,4
"735-1",0,4,4,0,4
"736-1",0,13,4,1,4
"737-1",0,12,3,1,4
"738-1",1,11,2,1,4
"739-1",1,29,2,1,1
"740-1",0,2,2,0,4
"741-1",1,20,2,0,1
"742-1",1,12,3,1,4
"743-1",1,3,3,0,4
"744-1",0,4,4,0,4
"745-1",0,4,4,0,4
"746-1",1,4,4,0,4
"747-1",0,5,5,0,4
"748-1",1,32,5,1,1
"749-1",0,14,5,1,4
"750-1",0,13,4,1,4
"751-1",0,12,3,1,4
"752-1",1,11,2,1,4
"753-1",1,11,2,1,4
"754-1",1,20,2,0,1
"755-1",0,3,3,0,4
"756-1",0,3,3,0,4
"757-1",1,12,3,1,4
"758-1",1,12,3,1,4
"759-1",1,21,3,0,1
"760-1",0,13,4,1,4
"761-1",0,3,3,0,4
"762-1",0,3,3,0,4
"763-1",1,3,3,0,4
"764-1",1,4,4,0,4
"765-1",1,5,5,0,4
"766-1",1,33,6,1,1
"767-1",0,6,6,0,4
"768-1",1,15,6,1,4
"769-1",0,6,6,0,4
"770-1",1,24,6,0,1
"771-1",0,16,7,1,4
"772-1",1,33,6,1,1
"773-1",0,6,6,0,4
"774-1",1,33,6,1,1
"775-1",0,6,6,0,4
"776-1",0,6,6,0,4
"777-1",0,24,6,0,1
"778-1",0,6,6,0,4
"779-1",1,6,6,0,4
"780-1",0,25,7,0,1
"781-1",0,7,7,0,4
"782-1",1,34,7,1,1
"783-1",0,16,7,1,4
"784-1",0,6,6,0,4
"785-1",0,15,6,1,4
"786-1",0,5,5,0,4
"787-1",0,5,5,0,4
"788-1",0,32,5,1,1
"789-1",0,13,4,1,4
"790-1",1,3,3,0,4
"791-1",1,22,4,0,1
"792-1",0,5,5,0,4
"793-1",0,5,5,0,4
"794-1",0,14,5,1,4
"795-1",0,13,4,1,4
"796-1",1,12,3,1,4
"797-1",1,12,3,1,4
"798-1",0,12,3,1,4
"799-1",0,11,2,1,4
"800-1",1,28,1,1,1
"801-1",0,1,1,0,4
"802-1",1,1,1,0,4
"803-1",0,2,2,0,4
"804-1",0,2,2,0,4
"805-1",1,20,2,0,1
"806-1",0,3,3,0,4
"807-1",0,3,3,0,4
"808-1",1,21,3,0,1
"809-1",1,4,4,0,4
"810-1",1,32,5,1,1
"811-1",1,14,5,1,4
"812-1",0,32,5,1,1
"813-1",0,4,4,0,4
"814-1",0,13,4,1,4
"815-1",0,3,3,0,4
"816-1",0,3,3,0,4
"817-1",0,12,3,1,4
"818-1",1,20,2,0,1
"819-1",1,30,3,1,1
"820-1",1,12,3,1,4
"821-1",0,12,3,1,4
"822-1",0,11,2,1,4
"823-1",1,19,1,0,1
"824-1",1,11,2,1,4
"825-1",0,11,2,1,4
"826-1",0,10,1,1,4
"827-1",1,18,0,0,1
"828-1",0,10,1,1,4
"829-1",1,9,0,1,4
"830-1",1,9,0,1,4
"831-1",1,9,0,1,4
"832-1",1,18,0,0,1
"833-1",1,10,1,1,4
"834-1",1,28,1,1,1
"835-1",0,10,1,1,4
"836-1",1,0,0,0,4
"837-1",1,1,1,0,4
"838-1",0,11,2,1,4
"839-1",0,1,1,0,4
"840-1",0,10,1,1,4
"841-1",1,9,0,1,4
"842-1",1,27,0,1,1
"843-1",1,0,0,0,4
"844-1",0,1,1,0,4
"845-1",0,10,1,1,4
"846-1",0,0,0,0,4
"847-1",1,0,0,0,4
"848-1",0,1,1,0,4
"849-1",1,19,1,0,1
"850-1",1,2,2,0,4
"851-1",1,30,3,1,1
"852-1",0,12,3,1,4
"853-1",1,11,2,1,4
"854-1",0,2,2,0,4
"855-1",1,11,2,1,4
"856-1",1,20,2,0,1
"857-1",0,12,3,1,4
"858-1",0,2,2,0,4
"859-1",1,29,2,1,1
"860-1",1,11,2,1,4
"861-1",0,11,2,1,4
"862-1",1,10,1,1,4
"863-1",0,1,1,0,4
"864-1",1,28,1,1,1
"865-1",1,19,1,0,1
"866-1",0,11,2,1,4
"867-1",1,19,1,0,1
"868-1",0,2,2,0,4
"869-1",0,2,2,0,4
"870-1",0,2,2,0,4
"871-1",1,2,2,0,4
"872-1",0,30,3,1,1
"873-1",1,20,2,0,1
"874-1",0,12,3,1,4
"875-1",1,11,2,1,4
"876-1",0,2,2,0,4
"877-1",0,11,2,1,4
"878-1",1,28,1,1,1
"879-1",1,10,1,1,4
"880-1",1,19,1,0,1
"881-1",0,2,2,0,4
"882-1",0,2,2,0,4
"883-1",1,11,2,1,4
"884-1",0,2,2,0,4
"885-1",1,2,2,0,4
"886-1",1,12,3,1,4
"887-1",0,3,3,0,4
"888-1",1,12,3,1,4
"889-1",0,12,3,1,4
"890-1",1,2,2,0,4
"891-1",0,12,3,1,4
"892-1",1,20,2,0,1
"893-1",0,12,3,1,4
"894-1",1,11,2,1,4
"895-1",0,11,2,1,4
"896-1",0,10,1,1,4
"897-1",1,27,0,1,1
"898-1",1,18,0,0,1
"899-1",0,1,1,0,4
"900-1",1,19,1,0,1
"901-1",0,11,2,1,4
"902-1",1,10,1,1,4
"903-1",1,28,1,1,1
"904-1",0,10,1,1,4
"905-1",1,9,0,1,4
"906-1",1,18,0,0,1
"907-1",1,1,1,0,4
"908-1",0,11,2,1,4
"909-1",0,10,1,1,4
"910-1",1,18,0,0,1
"911-1",1,1,1,0,4
"912-1",0,2,2,0,4
"913-1",1,20,2,0,1
"914-1",0,12,3,1,4
"915-1",1,20,2,0,1
"916-1",0,3,3,0,4
"917-1",1,21,3,0,1
"918-1",0,4,4,0,4
"919-1",0,13,4,1,4
"920-1",1,21,3,0,1
"921-1",0,13,4,1,4
"922-1",0,3,3,0,4
"923-1",1,30,3,1,1
"924-1",0,12,3,1,4
"925-1",1,29,2,1,1
"926-1",0,2,2,0,4
"927-1",0,2,2,0,4
"928-1",1,20,2,0,1
"929-1",0,12,3,1,4
"930-1",1,20,2,0,1
"931-1",0,3,3,0,4
"932-1",0,3,3,0,4
"933-1",0,3,3,0,4
"934-1",0,3,3,0,4
"935-1",1,30,3,1,1
"936-1",0,3,3,0,4
"937-1",0,12,3,1,4
"938-1",0,11,2,1,4
"939-1",0,1,1,0,4
"940-1",0,1,1,0,4
"941-1",0,28,1,1,1
"942-1",1,9,0,1,4
"943-1",1,9,0,1,4
"944-1",1,27,0,1,1
"945-1",1,9,0,1,4
"946-1",1,0,0,0,4
"947-1",1,10,1,1,4
"948-1",1,28,1,1,1
"949-1",1,10,1,1,4
"950-1",1,10,1,1,4
"951-1",0,10,1,1,4
"952-1",1,9,0,1,4
"953-1",1,9,0,1,4
"954-1",1,9,0,1,4
"955-1",1,9,0,1,4
"956-1",1,9,0,1,4
"957-1",0,0,0,0,4
"958-1",1,9,0,1,4
"959-1",1,18,0,0,1
"960-1",1,1,1,0,4
"961-1",1,11,2,1,4
"962-1",0,11,2,1,4
"963-1",0,10,1,1,4
"964-1",0,9,0,1,4
"965-1",0,9,0,1,4
"966-1",1,9,0,1,4
"967-1",1,9,0,1,4
"968-1",1,9,0,1,4
"969-1",1,0,0,0,4
"970-1",1,10,1,1,4
"971-1",1,19,1,0,1
"972-1",0,2,2,0,4
"973-1",0,11,2,1,4
"974-1",0,1,1,0,4
"975-1",0,1,1,0,4
"976-1",0,1,1,0,4
"977-1",0,1,1,0,4
"978-1",1,1,1,0,4
"979-1",0,2,2,0,4
"980-1",1,11,2,1,4
"981-1",0,11,2,1,4
"982-1",0,10,1,1,4
"983-1",1,27,0,1,1
"984-1",1,27,0,1,1
"985-1",1,0,0,0,4
"986-1",1,28,1,1,1
"987-1",1,10,1,1,4
"988-1",1,1,1,0,4
"989-1",1,29,2,1,1
"990-1",1,2,2,0,4
"991-1",0,3,3,0,4
"992-1",0,3,3,0,4
"993-1",0,3,3,0,4
"994-1",0,12,3,1,4
"995-1",1,20,2,0,1
"996-1",0,12,3,1,4
"997-1",1,11,2,1,4
"998-1",0,2,2,0,4
"999-1",0,2,2,0,4
"1000-1",0,2,2,0,4
"1001-1",0,2,2,0,4
"1002-1",1,29,2,1,1
"1003-1",1,11,2,1,4
"1004-1",0,11,2,1,4
"1005-1",0,10,1,1,4
"1006-1",1,27,0,1,1
"1007-1",1,9,0,1,4
"1008-1",1,18,0,0,1
"1009-1",1,10,1,1,4
"1010-1",1,1,1,0,4
"1011-1",1,11,2,1,4
"1012-1",1,20,2,0,1
"1013-1",1,30,3,1,1
"1014-1",0,3,3,0,4
"1015-1",0,3,3,0,4
"1016-1",1,12,3,1,4
"1017-1",0,3,3,0,4
"1018-1",1,3,3,0,4
"1019-1",0,13,4,1,4
"1020-1",1,3,3,0,4
"1021-1",0,31,4,1,1
"1022-1",1,30,3,1,1
"1023-1",0,3,3,0,4
"1024-1",1,30,3,1,1
"1025-1",0,3,3,0,4
"1026-1",0,3,3,0,4
"1027-1",1,30,3,1,1
"1028-1",1,3,3,0,4
"1029-1",1,4,4,0,4
"1030-1",1,32,5,1,1
"1031-1",0,5,5,0,4
"1032-1",0,14,5,1,4
"1033-1",0,4,4,0,4
"1034-1",0,13,4,1,4
"1035-1",0,12,3,1,4
"1036-1",1,29,2,1,1
"1037-1",0,2,2,0,4
"1038-1",1,11,2,1,4
"1039-1",0,2,2,0,4
"1040-1",1,20,2,0,1
"1041-1",1,21,3,0,1
"1042-1",1,22,4,0,1
"1043-1",1,14,5,1,4
"1044-1",1,23,5,0,1
"1045-1",0,15,6,1,4
"1046-1",1,32,5,1,1
"1047-1",0,14,5,1,4
"1048-1",1,13,4,1,4
"1049-1",0,4,4,0,4
"1050-1",1,31,4,1,1
"1051-1",0,13,4,1,4
"1052-1",0,3,3,0,4
"1053-1",0,3,3,0,4
"1054-1",0,3,3,0,4
"1055-1",1,30,3,1,1
"1056-1",1,3,3,0,4
"1057-1",0,13,4,1,4
"1058-1",0,3,3,0,4
"1059-1",1,21,3,0,1
"1060-1",0,4,4,0,4
"1061-1",0,4,4,0,4
"1062-1",1,4,4,0,4
"1063-1",1,5,5,0,4
"1064-1",1,24,6,0,1
"1065-1",0,16,7,1,4
"1066-1",1,24,6,0,1
"1067-1",0,16,7,1,4
"1068-1",0,15,6,1,4
"1069-1",0,5,5,0,4
"1070-1",0,5,5,0,4
"1071-1",0,5,5,0,4
"1072-1",1,32,5,1,1
"1073-1",0,32,5,1,1
"1074-1",0,4,4,0,4
"1075-1",1,4,4,0,4
"1076-1",1,23,5,0,1
"1077-1",0,6,6,0,4
"1078-1",0,6,6,0,4
"1079-1",0,15,6,1,4
"1080-1",0,5,5,0,4
"1081-1",1,32,5,1,1
"1082-1",1,14,5,1,4
"1083-1",0,5,5,0,4
"1084-1",1,5,5,0,4
"1085-1",0,6,6,0,4
"1086-1",1,24,6,0,1
"1087-1",1,16,7,1,4
"1088-1",0,16,7,1,4
"1089-1",0,15,6,1,4
"1090-1",0,14,5,1,4
"1091-1",0,4,4,0,4
"1092-1",1,4,4,0,4
"1093-1",0,5,5,0,4
"1094-1",1,14,5,1,4
"1095-1",1,32,5,1,1
"1096-1",0,5,5,0,4
"1097-1",0,5,5,0,4
"1098-1",0,5,5,0,4
"1099-1",0,5,5,0,4
"1100-1",0,5,5,0,4
"1101-1",1,14,5,1,4
"1102-1",0,14,5,1,4
"1103-1",0,13,4,1,4
"1104-1",0,12,3,1,4
"1105-1",0,2,2,0,4
"1106-1",0,11,2,1,4
"1107-1",0,1,1,0,4
"1108-1",0,1,1,0,4
"1109-1",1,19,1,0,1
"1110-1",0,11,2,1,4
"1111-1",1,1,1,0,4
"1112-1",1,29,2,1,1
"1113-1",0,29,2,1,1
"1114-1",1,19,1,0,1
"1115-1",1,11,2,1,4
"1116-1",0,2,2,0,4
"1117-1",1,11,2,1,4
"1118-1",0,11,2,1,4
"1119-1",0,10,1,1,4
"1120-1",1,27,0,1,1
"1121-1",1,27,0,1,1
"1122-1",1,0,0,0,4
"1123-1",0,1,1,0,4
"1124-1",1,1,1,0,4
"1125-1",0,2,2,0,4
"1126-1",0,11,2,1,4
"1127-1",1,19,1,0,1
"1128-1",1,11,2,1,4
"1129-1",1,2,2,0,4
"1130-1",1,3,3,0,4
"1131-1",1,31,4,1,1
"1132-1",1,4,4,0,4
"1133-1",0,14,5,1,4
"1134-1",0,4,4,0,4
"1135-1",0,4,4,0,4
"1136-1",0,4,4,0,4
"1137-1",0,4,4,0,4
"1138-1",1,31,4,1,1
"1139-1",0,4,4,0,4
"1140-1",0,13,4,1,4
"1141-1",0,3,3,0,4
"1142-1",1,12,3,1,4
"1143-1",0,3,3,0,4
"1144-1",1,21,3,0,1
"1145-1",0,4,4,0,4
"1146-1",1,31,4,1,1
"1147-1",0,13,4,1,4
"1148-1",1,30,3,1,1
"1149-1",1,3,3,0,4
"1150-1",1,13,4,1,4
"1151-1",1,22,4,0,1
"1152-1",0,14,5,1,4
"1153-1",1,4,4,0,4
"1154-1",0,14,5,1,4
"1155-1",1,4,4,0,4
"1156-1",0,14,5,1,4
"1157-1",0,4,4,0,4
"1158-1",0,13,4,1,4
"1159-1",0,12,3,1,4
"1160-1",0,11,2,1,4
"1161-1",0,1,1,0,4
"1162-1",1,28,1,1,1
"1163-1",0,10,1,1,4
"1164-1",1,27,0,1,1
"1165-1",1,9,0,1,4
"1166-1",1,27,0,1,1
"1167-1",1,9,0,1,4
"1168-1",1,0,0,0,4
"1169-1",1,1,1,0,4
"1170-1",1,29,2,1,1
"1171-1",0,11,2,1,4
"1172-1",1,19,1,0,1
"1173-1",0,2,2,0,4
"1174-1",0,2,2,0,4
"1175-1",1,2,2,0,4
"1176-1",0,30,3,1,1
"1177-1",0,11,2,1,4
"1178-1",1,1,1,0,4
"1179-1",0,2,2,0,4
"1180-1",0,11,2,1,4
"1181-1",1,28,1,1,1
"1182-1",0,1,1,0,4
"1183-1",1,19,1,0,1
"1184-1",0,11,2,1,4
"1185-1",0,10,1,1,4
"1186-1",1,9,0,1,4
"1187-1",0,0,0,0,4
"1188-1",1,0,0,0,4
"1189-1",1,10,1,1,4
"1190-1",0,10,1,1,4
"1191-1",1,9,0,1,4
"1192-1",0,0,0,0,4
"1193-1",1,18,0,0,1
"1194-1",1,28,1,1,1
"1195-1",0,10,1,1,4
"1196-1",1,18,0,0,1
"1197-1",1,10,1,1,4
"1198-1",1,19,1,0,1
"1199-1",1,11,2,1,4
"1200-1",1,11,2,1,4
"1201-1",1,20,2,0,1
"1202-1",0,3,3,0,4
"1203-1",0,3,3,0,4
"1204-1",0,3,3,0,4
"1205-1",1,12,3,1,4
"1206-1",0,12,3,1,4
"1207-1",0,11,2,1,4
"1208-1",1,1,1,0,4
"1209-1",1,29,2,1,1
"1210-1",0,11,2,1,4
"1211-1",1,19,1,0,1
"1212-1",0,2,2,0,4
"1213-1",0,2,2,0,4
"1214-1",0,11,2,1,4
"1215-1",1,28,1,1,1
"1216-1",1,1,1,0,4
"1217-1",0,2,2,0,4
"1218-1",0,2,2,0,4
"1219-1",1,11,2,1,4
"1220-1",1,29,2,1,1
"1221-1",0,11,2,1,4
"1222-1",1,19,1,0,1
"1223-1",0,2,2,0,4
"1224-1",0,11,2,1,4
"1225-1",0,10,1,1,4
"1226-1",1,9,0,1,4
"1227-1",1,9,0,1,4
"1228-1",1,9,0,1,4
"1229-1",0,0,0,0,4
"1230-1",1,27,0,1,1
"1231-1",1,9,0,1,4
"1232-1",1,9,0,1,4
"1233-1",1,9,0,1,4
"1234-1",1,0,0,0,4
"1235-1",1,19,1,0,1
"1236-1",0,2,2,0,4
"1237-1",1,2,2,0,4
"1238-1",0,3,3,0,4
"1239-1",0,3,3,0,4
"1240-1",1,21,3,0,1
"1241-1",0,4,4,0,4
"1242-1",0,13,4,1,4
"1243-1",1,21,3,0,1
"1244-1",0,13,4,1,4
"1245-1",0,12,3,1,4
"1246-1",0,2,2,0,4
"1247-1",0,29,2,1,1
"1248-1",0,1,1,0,4
"1249-1",0,1,1,0,4
"1250-1",1,28,1,1,1
"1251-1",0,10,1,1,4
"1252-1",1,27,0,1,1
"1253-1",1,0,0,0,4
"1254-1",0,1,1,0,4
"1255-1",0,1,1,0,4
"1256-1",1,19,1,0,1
"1257-1",1,2,2,0,4
"1258-1",0,3,3,0,4
"1259-1",1,12,3,1,4
"1260-1",1,3,3,0,4
"1261-1",1,22,4,0,1
"1262-1",0,5,5,0,4
"1263-1",1,5,5,0,4
"1264-1",0,33,6,1,1
"1265-1",0,5,5,0,4
"1266-1",1,14,5,1,4
"1267-1",1,32,5,1,1
"1268-1",0,14,5,1,4
"1269-1",0,4,4,0,4
"1270-1",0,13,4,1,4
"1271-1",1,3,3,0,4
"1272-1",0,13,4,1,4
"1273-1",0,3,3,0,4
"1274-1",0,12,3,1,4
"1275-1",1,11,2,1,4
"1276-1",0,11,2,1,4
"1277-1",0,10,1,1,4
"1278-1",0,0,0,0,4
"1279-1",0,0,0,0,4
"1280-1",1,9,0,1,4
"1281-1",1,0,0,0,4
"1282-1",1,1,1,0,4
"1283-1",0,11,2,1,4
"1284-1",1,10,1,1,4
"1285-1",0,1,1,0,4
"1286-1",0,1,1,0,4
"1287-1",0,1,1,0,4
"1288-1",1,10,1,1,4
"1289-1",0,1,1,0,4
"1290-1",0,10,1,1,4
"1291-1",1,9,0,1,4
"1292-1",1,0,0,0,4
"1293-1",0,1,1,0,4
"1294-1",1,10,1,1,4
"1295-1",0,10,1,1,4
"1296-1",1,0,0,0,4
"1297-1",0,10,1,1,4
"1298-1",1,9,0,1,4
"1299-1",1,0,0,0,4
"1300-1",0,1,1,0,4
"1301-1",1,1,1,0,4
"1302-1",1,20,2,0,1
"1303-1",0,12,3,1,4
"1304-1",0,2,2,0,4
"1305-1",1,11,2,1,4
"1306-1",1,2,2,0,4
"1307-1",1,21,3,0,1
"1308-1",0,13,4,1,4
"1309-1",0,12,3,1,4
"1310-1",1,20,2,0,1
"1311-1",0,12,3,1,4
"1312-1",1,2,2,0,4
"1313-1",0,3,3,0,4
"1314-1",0,12,3,1,4
"1315-1",0,2,2,0,4
"1316-1",0,2,2,0,4
"1317-1",1,2,2,0,4
"1318-1",0,12,3,1,4
"1319-1",1,20,2,0,1
"1320-1",0,12,3,1,4
"1321-1",0,2,2,0,4
"1322-1",0,2,2,0,4
"1323-1",0,11,2,1,4
"1324-1",1,28,1,1,1
"1325-1",1,28,1,1,1
"1326-1",1,28,1,1,1
"1327-1",0,1,1,0,4
"1328-1",1,1,1,0,4
"1329-1",1,29,2,1,1
"1330-1",0,11,2,1,4
"1331-1",1,10,1,1,4
"1332-1",1,28,1,1,1
"1333-1",0,10,1,1,4
"1334-1",0,0,0,0,4
"1335-1",1,9,0,1,4
"1336-1",1,9,0,1,4
"1337-1",0,0,0,0,4
"1338-1",1,9,0,1,4
"1339-1",1,0,0,0,4
"1340-1",0,1,1,0,4
"1341-1",1,10,1,1,4
"1342-1",1,19,1,0,1
"1343-1",1,11,2,1,4
"1344-1",1,2,2,0,4
"1345-1",1,3,3,0,4
"1346-1",0,4,4,0,4
"1347-1",1,22,4,0,1
"1348-1",1,32,5,1,1
"1349-1",0,14,5,1,4
"1350-1",1,4,4,0,4
"1351-1",1,14,5,1,4
"1352-1",0,5,5,0,4
"1353-1",1,5,5,0,4
"1354-1",0,6,6,0,4
"1355-1",0,6,6,0,4
"1356-1",0,6,6,0,4
"1357-1",0,15,6,1,4
"1358-1",1,14,5,1,4
"1359-1",1,14,5,1,4
"1360-1",0,5,5,0,4
"1361-1",0,14,5,1,4
"1362-1",1,4,4,0,4
"1363-1",1,23,5,0,1
"1364-1",1,15,6,1,4
"1365-1",0,6,6,0,4
"1366-1",0,6,6,0,4
"1367-1",1,6,6,0,4
"1368-1",1,25,7,0,1
"1369-1",0,17,8,1,4
"1370-1",0,16,7,1,4
"1371-1",0,6,6,0,4
"1372-1",1,6,6,0,4
"1373-1",0,7,7,0,4
"1374-1",0,7,7,0,4
"1375-1",0,16,7,1,4
"1376-1",1,33,6,1,1
"1377-1",0,6,6,0,4
"1378-1",0,6,6,0,4
"1379-1",0,15,6,1,4
"1380-1",1,32,5,1,1
"1381-1",0,5,5,0,4
"1382-1",0,23,5,0,1
"1383-1",0,5,5,0,4
"1384-1",0,14,5,1,4
"1385-1",0,4,4,0,4
"1386-1",0,4,4,0,4
"1387-1",0,4,4,0,4
"1388-1",0,4,4,0,4
"1389-1",1,13,4,1,4
"1390-1",1,22,4,0,1
"1391-1",0,14,5,1,4
"1392-1",1,31,4,1,1
"1393-1",0,13,4,1,4
"1394-1",0,12,3,1,4
"1395-1",1,11,2,1,4
"1396-1",0,2,2,0,4
"1397-1",0,2,2,0,4
"1398-1",1,29,2,1,1
"1399-1",0,2,2,0,4
"1400-1",1,2,2,0,4
"1401-1",1,12,3,1,4
"1402-1",0,3,3,0,4
"1403-1",1,21,3,0,1
"1404-1",0,4,4,0,4
"1405-1",0,13,4,1,4
"1406-1",1,21,3,0,1
"1407-1",0,13,4,1,4
"1408-1",1,12,3,1,4
"1409-1",1,12,3,1,4
"1410-1",0,3,3,0,4
"1411-1",0,3,3,0,4
"1412-1",1,3,3,0,4
"1413-1",0,4,4,0,4
"1414-1",0,13,4,1,4
"1415-1",0,3,3,0,4
"1416-1",0,12,3,1,4
"1417-1",1,29,2,1,1
"1418-1",0,11,2,1,4
"1419-1",0,1,1,0,4
"1420-1",0,10,1,1,4
"1421-1",0,0,0,0,4
"1422-1",1,0,0,0,4
"1423-1",1,10,1,1,4
"1424-1",0,1,1,0,4
"1425-1",1,1,1,0,4
"1426-1",0,20,2,0,1
"1427-1",0,11,2,1,4
"1428-1",1,10,1,1,4
"1429-1",0,19,1,0,1
"1430-1",0,1,1,0,4
"1431-1",1,1,1,0,4
"1432-1",1,11,2,1,4
"1433-1",1,29,2,1,1
"1434-1",0,11,2,1,4
"1435-1",0,10,1,1,4
"1436-1",1,9,0,1,4
"1437-1",1,9,0,1,4
"1438-1",1,0,0,0,4
"1439-1",1,10,1,1,4
"1440-1",0,1,1,0,4
"1441-1",0,1,1,0,4
"1442-1",1,28,1,1,1
"1443-1",1,10,1,1,4
"1444-1",1,28,1,1,1
"1445-1",0,1,1,0,4
"1446-1",0,1,1,0,4
"1447-1",0,10,1,1,4
"1448-1",1,27,0,1,1
"1449-1",1,27,0,1,1
"1450-1",1,9,0,1,4
"1451-1",1,18,0,0,1
"1452-1",1,10,1,1,4
"1453-1",1,28,1,1,1
"1454-1",1,1,1,0,4
"1455-1",0,2,2,0,4
"1456-1",0,2,2,0,4
"1457-1",0,11,2,1,4
"1458-1",1,19,1,0,1
"1459-1",1,11,2,1,4
"1460-1",0,2,2,0,4
"1461-1",0,11,2,1,4
"1462-1",0,19,1,0,1
"1463-1",0,10,1,1,4
"1464-1",0,9,0,1,4
"1465-1",0,0,0,0,4
"1466-1",1,9,0,1,4
"1467-1",1,9,0,1,4
"1468-1",1,27,0,1,1
"1469-1",0,0,0,0,4
"1470-1",1,9,0,1,4
"1471-1",1,9,0,1,4
"1472-1",0,0,0,0,4
"1473-1",0,0,0,0,4
"1474-1",1,27,0,1,1
"1475-1",0,0,0,0,4
"1476-1",0,0,0,0,4
"1477-1",1,18,0,0,1
"1478-1",0,1,1,0,4
"1479-1",0,1,1,0,4
"1480-1",1,10,1,1,4
"1481-1",0,10,1,1,4
"1482-1",1,9,0,1,4
"1483-1",1,9,0,1,4
"1484-1",1,0,0,0,4
"1485-1",1,19,1,0,1
"1486-1",1,2,2,0,4
"1487-1",0,3,3,0,4
"1488-1",1,12,3,1,4
"1489-1",1,21,3,0,1
"1490-1",0,13,4,1,4
"1491-1",1,12,3,1,4
"1492-1",1,30,3,1,1
"1493-1",1,3,3,0,4
"1494-1",1,31,4,1,1
"1495-1",0,13,4,1,4
"1496-1",0,3,3,0,4
"1497-1",0,3,3,0,4
"1498-1",0,3,3,0,4
"1499-1",0,12,3,1,4
"1500-1",1,20,2,0,1
"1501-1",1,12,3,1,4
"1502-1",1,21,3,0,1
"1503-1",0,4,4,0,4
"1504-1",0,13,4,1,4
"1505-1",1,21,3,0,1
"1506-1",0,13,4,1,4
"1507-1",1,12,3,1,4
"1508-1",1,12,3,1,4
"1509-1",1,12,3,1,4
"1510-1",0,12,3,1,4
"1511-1",1,2,2,0,4
"1512-1",1,21,3,0,1
"1513-1",0,4,4,0,4
"1514-1",1,13,4,1,4
"1515-1",0,4,4,0,4
"1516-1",1,31,4,1,1
"1517-1",1,4,4,0,4
"1518-1",0,5,5,0,4
"1519-1",1,23,5,0,1
"1520-1",0,15,6,1,4
"1521-1",1,23,5,0,1
"1522-1",0,6,6,0,4
"1523-1",0,6,6,0,4
"1524-1",0,15,6,1,4
"1525-1",1,23,5,0,1
"1526-1",0,6,6,0,4
"1527-1",1,24,6,0,1
"1528-1",0,7,7,0,4
"1529-1",1,34,7,1,1
"1530-1",0,7,7,0,4
"1531-1",0,7,7,0,4
"1532-1",0,16,7,1,4
"1533-1",0,6,6,0,4
"1534-1",0,6,6,0,4
"1535-1",1,6,6,0,4
"1536-1",0,16,7,1,4
"1537-1",1,15,6,1,4
"1538-1",0,24,6,0,1
"1539-1",0,6,6,0,4
"1540-1",1,6,6,0,4
"1541-1",0,16,7,1,4
"1542-1",1,6,6,0,4
"1543-1",0,16,7,1,4
"1544-1",0,15,6,1,4
"1545-1",0,14,5,1,4
"1546-1",1,4,4,0,4
"1547-1",1,32,5,1,1
"1548-1",0,14,5,1,4
"1549-1",0,13,4,1,4
"1550-1",1,12,3,1,4
"1551-1",1,12,3,1,4
"1552-1",0,3,3,0,4
"1553-1",0,3,3,0,4
"1554-1",0,3,3,0,4
"1555-1",0,12,3,1,4
"1556-1",0,2,2,0,4
"1557-1",0,11,2,1,4
"1558-1",1,10,1,1,4
"1559-1",1,10,1,1,4
"1560-1",0,1,1,0,4
"1561-1",1,28,1,1,1
"1562-1",1,10,1,1,4
"1563-1",1,1,1,0,4
"1564-1",1,20,2,0,1
"1565-1",1,30,3,1,1
"1566-1",1,3,3,0,4
"1567-1",1,13,4,1,4
"1568-1",0,4,4,0,4
"1569-1",0,13,4,1,4
"1570-1",1,12,3,1,4
"1571-1",1,3,3,0,4
"1572-1",0,13,4,1,4
"1573-1",1,12,3,1,4
"1574-1",0,12,3,1,4
"1575-1",0,2,2,0,4
"1576-1",0,2,2,0,4
"1577-1",1,11,2,1,4
"1578-1",0,11,2,1,4
"1579-1",1,10,1,1,4
"1580-1",1,10,1,1,4
"1581-1",1,1,1,0,4
"1582-1",1,20,2,0,1
"1583-1",1,12,3,1,4
"1584-1",1,30,3,1,1
"1585-1",0,12,3,1,4
"1586-1",1,11,2,1,4
"1587-1",1,29,2,1,1
"1588-1",0,29,2,1,1
"1589-1",1,19,1,0,1
"1590-1",1,11,2,1,4
"1591-1",1,2,2,0,4
"1592-1",1,12,3,1,4
"1593-1",1,12,3,1,4
"1594-1",1,30,3,1,1
"1595-1",0,3,3,0,4
"1596-1",0,3,3,0,4
"1597-1",1,30,3,1,1
"1598-1",0,12,3,1,4
"1599-1",0,2,2,0,4
"1600-1",0,11,2,1,4
"1601-1",0,1,1,0,4
"1602-1",0,10,1,1,4
"1603-1",1,27,0,1,1
"1604-1",1,9,0,1,4
"1605-1",1,9,0,1,4
"1606-1",1,0,0,0,4
"1607-1",1,28,1,1,1
"1608-1",1,19,1,0,1
"1609-1",0,2,2,0,4
"1610-1",1,29,2,1,1
"1611-1",1,11,2,1,4
"1612-1",1,2,2,0,4
"1613-1",0,12,3,1,4
"1614-1",1,11,2,1,4
"1615-1",1,2,2,0,4
"1616-1",0,3,3,0,4
"1617-1",0,3,3,0,4
"1618-1",1,12,3,1,4
"1619-1",0,12,3,1,4
"1620-1",1,2,2,0,4
"1621-1",0,3,3,0,4
"1622-1",0,3,3,0,4
"1623-1",1,21,3,0,1
"1624-1",0,13,4,1,4
"1625-1",1,12,3,1,4
"1626-1",1,12,3,1,4
"1627-1",0,12,3,1,4
"1628-1",1,20,2,0,1
"1629-1",0,12,3,1,4
"1630-1",0,2,2,0,4
"1631-1",0,2,2,0,4
"1632-1",0,11,2,1,4
"1633-1",0,1,1,0,4
"1634-1",0,10,1,1,4
"1635-1",1,27,0,1,1
"1636-1",1,9,0,1,4
"1637-1",0,0,0,0,4
"1638-1",0,0,0,0,4
"1639-1",1,9,0,1,4
"1640-1",1,9,0,1,4
"1641-1",1,9,0,1,4
"1642-1",1,18,0,0,1
"1643-1",0,1,1,0,4
"1644-1",1,1,1,0,4
"1645-1",1,11,2,1,4
"1646-1",0,2,2,0,4
"1647-1",1,11,2,1,4
"1648-1",0,2,2,0,4
"1649-1",0,11,2,1,4
"1650-1",1,1,1,0,4
"1651-1",1,11,2,1,4
"1652-1",1,20,2,0,1
"1653-1",0,3,3,0,4
"1654-1",1,3,3,0,4
"1655-1",0,4,4,0,4
"1656-1",1,31,4,1,1
"1657-1",0,13,4,1,4
"1658-1",0,3,3,0,4
"1659-1",1,30,3,1,1
"1660-1",0,3,3,0,4
"1661-1",1,21,3,0,1
"1662-1",1,13,4,1,4
"1663-1",0,13,4,1,4
"1664-1",0,3,3,0,4
"1665-1",0,12,3,1,4
"1666-1",0,11,2,1,4
"1667-1",0,10,1,1,4
"1668-1",0,0,0,0,4
"1669-1",1,9,0,1,4
"1670-1",0,0,0,0,4
"1671-1",1,18,0,0,1
"1672-1",1,28,1,1,1
"1673-1",1,10,1,1,4
"1674-1",0,1,1,0,4
"1675-1",1,28,1,1,1
"1676-1",1,10,1,1,4
"1677-1",1,28,1,1,1
"1678-1",1,28,1,1,1
"1679-1",1,10,1,1,4
"1680-1",0,1,1,0,4
"1681-1",1,10,1,1,4
"1682-1",1,10,1,1,4
"1683-1",1,10,1,1,4
"1684-1",0,10,1,1,4
"1685-1",1,0,0,0,4
"1686-1",1,10,1,1,4
"1687-1",1,10,1,1,4
"1688-1",0,1,1,0,4
"1689-1",1,28,1,1,1
"1690-1",1,10,1,1,4
"1691-1",0,10,1,1,4
"1692-1",1,9,0,1,4
"1693-1",1,9,0,1,4
"1694-1",1,0,0,0,4
"1695-1",0,10,1,1,4
"1696-1",1,18,0,0,1
"1697-1",1,1,1,0,4
"1698-1",0,11,2,1,4
"1699-1",1,1,1,0,4
"1700-1",1,29,2,1,1
"1701-1",1,11,2,1,4
"1702-1",1,20,2,0,1
"1703-1",1,12,3,1,4
"1704-1",1,30,3,1,1
"1705-1",0,12,3,1,4
"1706-1",1,2,2,0,4
"1707-1",1,3,3,0,4
"1708-1",0,13,4,1,4
"1709-1",0,12,3,1,4
"1710-1",1,11,2,1,4
"1711-1",0,2,2,0,4
"1712-1",0,11,2,1,4
"1713-1",0,1,1,0,4
"1714-1",0,1,1,0,4
"1715-1",1,28,1,1,1
"1716-1",1,10,1,1,4
"1717-1",1,10,1,1,4
"1718-1",1,19,1,0,1
"1719-1",1,20,2,0,1
"1720-1",1,30,3,1,1
"1721-1",1,12,3,1,4
"1722-1",1,12,3,1,4
"1723-1",0,12,3,1,4
"1724-1",1,11,2,1,4
"1725-1",1,11,2,1,4
"1726-1",1,2,2,0,4
"1727-1",1,12,3,1,4
"1728-1",1,3,3,0,4
"1729-1",1,31,4,1,1
"1730-1",0,13,4,1,4
"1731-1",1,3,3,0,4
"1732-1",0,4,4,0,4
"1733-1",0,4,4,0,4
"1734-1",0,4,4,0,4
"1735-1",1,13,4,1,4
"1736-1",0,4,4,0,4
"1737-1",0,22,4,0,1
"1738-1",1,13,4,1,4
"1739-1",1,31,4,1,1
"1740-1",0,13,4,1,4
"1741-1",1,21,3,0,1
"1742-1",1,4,4,0,4
"1743-1",1,23,5,0,1
"1744-1",0,6,6,0,4
"1745-1",0,15,6,1,4
"1746-1",0,32,5,1,1
"1747-1",1,13,4,1,4
"1748-1",0,22,4,0,1
"1749-1",1,22,4,0,1
"1750-1",0,14,5,1,4
"1751-1",1,31,4,1,1
"1752-1",0,13,4,1,4
"1753-1",0,3,3,0,4
"1754-1",0,12,3,1,4
"1755-1",0,11,2,1,4
"1756-1",1,10,1,1,4
"1757-1",1,28,1,1,1
"1758-1",0,1,1,0,4
"1759-1",0,19,1,0,1
"1760-1",1,1,1,0,4
"1761-1",1,11,2,1,4
"1762-1",1,11,2,1,4
"1763-1",0,2,2,0,4
"1764-1",0,2,2,0,4
"1765-1",1,20,2,0,1
"1766-1",0,12,3,1,4
"1767-1",0,2,2,0,4
"1768-1",1,11,2,1,4
"1769-1",0,2,2,0,4
"1770-1",0,11,2,1,4
"1771-1",1,28,1,1,1
"1772-1",0,1,1,0,4
"1773-1",1,1,1,0,4
"1774-1",0,11,2,1,4
"1775-1",0,10,1,1,4
"1776-1",1,0,0,0,4
"1777-1",0,1,1,0,4
"1778-1",0,10,1,1,4
"1779-1",1,9,0,1,4
"1780-1",1,18,0,0,1
"1781-1",0,10,1,1,4
"1782-1",0,0,0,0,4
"1783-1",1,27,0,1,1
"1784-1",1,9,0,1,4
"1785-1",1,27,0,1,1
"1786-1",0,0,0,0,4
"1787-1",1,9,0,1,4
"1788-1",0,0,0,0,4
"1789-1",1,9,0,1,4
"1790-1",1,18,0,0,1
"1791-1",1,10,1,1,4
"1792-1",1,28,1,1,1
"1793-1",0,1,1,0,4
"1794-1",0,10,1,1,4
"1795-1",0,9,0,1,4
"1796-1",1,9,0,1,4
"1797-1",1,9,0,1,4
"1798-1",1,9,0,1,4
"1799-1",0,9,0,1,4
"1800-1",1,9,0,1,4
"1801-1",1,0,0,0,4
"1802-1",1,28,1,1,1
"1803-1",1,1,1,0,4
"1804-1",1,20,2,0,1
"1805-1",1,3,3,0,4
"1806-1",0,13,4,1,4
"1807-1",1,21,3,0,1
"1808-1",0,13,4,1,4
"1809-1",0,3,3,0,4
"1810-1",1,21,3,0,1
"1811-1",0,4,4,0,4
"1812-1",0,13,4,1,4
"1813-1",0,21,3,0,1
"1814-1",0,3,3,0,4
"1815-1",0,3,3,0,4
"1816-1",0,3,3,0,4
"1817-1",0,3,3,0,4
"1818-1",0,3,3,0,4
"1819-1",1,12,3,1,4
"1820-1",0,12,3,1,4
"1821-1",1,11,2,1,4
"1822-1",1,11,2,1,4
"1823-1",1,20,2,0,1
"1824-1",0,12,3,1,4
"1825-1",0,2,2,0,4
"1826-1",0,2,2,0,4
"1827-1",0,11,2,1,4
"1828-1",1,28,1,1,1
"1829-1",1,10,1,1,4
"1830-1",1,10,1,1,4
"1831-1",1,19,1,0,1
"1832-1",0,11,2,1,4
"1833-1",1,1,1,0,4
"1834-1",1,20,2,0,1
"1835-1",0,3,3,0,4
"1836-1",0,3,3,0,4
"1837-1",0,12,3,1,4
"1838-1",1,20,2,0,1
"1839-1",0,3,3,0,4
"1840-1",0,3,3,0,4
"1841-1",1,21,3,0,1
"1842-1",0,13,4,1,4
"1843-1",1,21,3,0,1
"1844-1",0,4,4,0,4
"1845-1",0,13,4,1,4
"1846-1",1,21,3,0,1
"1847-1",0,13,4,1,4
"1848-1",1,3,3,0,4
"1849-1",1,4,4,0,4
"1850-1",0,5,5,0,4
"1851-1",0,5,5,0,4
"1852-1",1,5,5,0,4
"1853-1",0,6,6,0,4
"1854-1",0,6,6,0,4
"1855-1",0,15,6,1,4
"1856-1",1,32,5,1,1
"1857-1",1,5,5,0,4
"1858-1",0,6,6,0,4
"1859-1",0,6,6,0,4
"1860-1",0,6,6,0,4
"1861-1",0,6,6,0,4
"1862-1",0,24,6,0,1
"1863-1",0,6,6,0,4
"1864-1",0,6,6,0,4
"1865-1",0,33,6,1,1
"1866-1",1,14,5,1,4
"1867-1",1,5,5,0,4
"1868-1",0,15,6,1,4
"1869-1",0,14,5,1,4
"1870-1",0,4,4,0,4
"1871-1",1,22,4,0,1
"1872-1",0,5,5,0,4
"1873-1",0,5,5,0,4
"1874-1",1,32,5,1,1
"1875-1",0,5,5,0,4
"1876-1",1,23,5,0,1
"1877-1",0,6,6,0,4
"1878-1",0,6,6,0,4
"1879-1",1,15,6,1,4
"1880-1",1,33,6,1,1
"1881-1",1,24,6,0,1
"1882-1",0,7,7,0,4
"1883-1",1,7,7,0,4
"1884-1",0,8,8,0,4
"1885-1",0,8,8,0,4
"1886-1",0,17,8,1,4
"1887-1",0,34,7,1,1
"1888-1",1,6,6,0,4
"1889-1",1,25,7,0,1
"1890-1",0,8,8,0,4
"1891-1",1,17,8,1,4
"1892-1",1,17,8,1,4
"1893-1",0,8,8,0,4
"1894-1",0,35,8,1,1
"1895-1",0,7,7,0,4
"1896-1",0,16,7,1,4
"1897-1",0,6,6,0,4
"1898-1",0,15,6,1,4
"1899-1",0,5,5,0,4
"1900-1",0,23,5,0,1
"1901-1",0,5,5,0,4
"1902-1",1,32,5,1,1
"1903-1",1,32,5,1,1
"1904-1",0,5,5,0,4
"1905-1",0,14,5,1,4
"1906-1",0,13,4,1,4
"1907-1",1,3,3,0,4
"1908-1",1,22,4,0,1
"1909-1",0,5,5,0,4
"1910-1",0,5,5,0,4
"1911-1",0,14,5,1,4
"1912-1",1,4,4,0,4
"1913-1",0,14,5,1,4
"1914-1",0,4,4,0,4
"1915-1",0,13,4,1,4
"1916-1",0,3,3,0,4
"1917-1",1,3,3,0,4
"1918-1",0,13,4,1,4
"1919-1",0,12,3,1,4
"1920-1",0,11,2,1,4
"1921-1",1,10,1,1,4
"1922-1",1,1,1,0,4
"1923-1",0,2,2,0,4
"1924-1",0,11,2,1,4
"1925-1",0,10,1,1,4
"1926-1",1,0,0,0,4
"1927-1",0,1,1,0,4
"1928-1",1,19,1,0,1
"1929-1",0,11,2,1,4
"1930-1",0,10,1,1,4
"1931-1",1,9,0,1,4
"1932-1",0,0,0,0,4
"1933-1",1,9,0,1,4
"1934-1",1,9,0,1,4
"1935-1",1,9,0,1,4
"1936-1",0,0,0,0,4
"1937-1",0,9,0,1,4
"1938-1",1,27,0,1,1
"1939-1",1,9,0,1,4
"1940-1",1,27,0,1,1
"1941-1",1,27,0,1,1
"1942-1",0,0,0,0,4
"1943-1",1,0,0,0,4
"1944-1",1,28,1,1,1
"1945-1",0,1,1,0,4
"1946-1",1,1,1,0,4
"1947-1",0,11,2,1,4
"1948-1",1,10,1,1,4
"1949-1",0,10,1,1,4
"1950-1",1,18,0,0,1
"1951-1",0,1,1,0,4
"1952-1",0,10,1,1,4
"1953-1",1,27,0,1,1
"1954-1",0,0,0,0,4
"1955-1",1,27,0,1,1
"1956-1",1,18,0,0,1
"1957-1",1,1,1,0,4
"1958-1",1,2,2,0,4
"1959-1",1,30,3,1,1
"1960-1",1,3,3,0,4
"1961-1",1,31,4,1,1
"1962-1",0,4,4,0,4
"1963-1",0,13,4,1,4
"1964-1",1,21,3,0,1
"1965-1",1,4,4,0,4
"1966-1",1,32,5,1,1
"1967-1",0,14,5,1,4
"1968-1",1,31,4,1,1
"1969-1",0,4,4,0,4
"1970-1",1,31,4,1,1
"1971-1",0,13,4,1,4
"1972-1",0,3,3,0,4
"1973-1",0,12,3,1,4
"1974-1",0,11,2,1,4
"1975-1",1,1,1,0,4
"1976-1",1,2,2,0,4
"1977-1",0,3,3,0,4
"1978-1",1,3,3,0,4
"1979-1",0,4,4,0,4
"1980-1",0,13,4,1,4
"1981-1",0,12,3,1,4
"1982-1",0,2,2,0,4
"1983-1",1,20,2,0,1
"1984-1",1,21,3,0,1
"1985-1",0,4,4,0,4
"1986-1",1,31,4,1,1
"1987-1",1,22,4,0,1
"1988-1",1,5,5,0,4
"1989-1",0,6,6,0,4
"1990-1",0,15,6,1,4
"1991-1",1,14,5,1,4
"1992-1",0,14,5,1,4
"1993-1",0,4,4,0,4
"1994-1",1,4,4,0,4
"1995-1",1,14,5,1,4
"1996-1",1,23,5,0,1
"1997-1",0,6,6,0,4
"1998-1",0,15,6,1,4
"1999-1",0,14,5,1,4
"2000-1",0,4,4,0,4
"2001-1",0,22,4,0,1
"2002-1",0,13,4,1,4
"2003-1",1,3,3,0,4
"2004-1",1,22,4,0,1
"2005-1",1,5,5,0,4
"2006-1",0,15,6,1,4
"2007-1",1,14,5,1,4
"2008-1",0,14,5,1,4
"2009-1",1,22,4,0,1
"2010-1",0,23,5,0,1
"2011-1",0,23,5,0,1
"2012-1",0,5,5,0,4
"2013-1",1,14,5,1,4
"2014-1",1,23,5,0,1
"2015-1",0,6,6,0,4
"2016-1",0,33,6,1,1
"2017-1",0,14,5,1,4
"2018-1",1,31,4,1,1
"2019-1",0,13,4,1,4
"2020-1",1,30,3,1,1
"2021-1",1,3,3,0,4
"2022-1",1,13,4,1,4
"2023-1",0,4,4,0,4
"2024-1",0,13,4,1,4
"2025-1",0,12,3,1,4
"2026-1",0,2,2,0,4
"2027-1",0,11,2,1,4
"2028-1",0,10,1,1,4
"2029-1",1,18,0,0,1
"2030-1",1,10,1,1,4
"2031-1",0,10,1,1,4
"2032-1",1,9,0,1,4
"2033-1",0,9,0,1,4
"2034-1",0,0,0,0,4
"2035-1",1,9,0,1,4
"2036-1",1,0,0,0,4
"2037-1",1,28,1,1,1
"2038-1",1,10,1,1,4
"2039-1",0,10,1,1,4
"2040-1",0,9,0,1,4
"2041-1",1,9,0,1,4
"2042-1",0,0,0,0,4
"2043-1",1,9,0,1,4
"2044-1",1,9,0,1,4
"2045-1",1,9,0,1,4
"2046-1",1,9,0,1,4
"2047-1",1,27,0,1,1
"2048-1",1,9,0,1,4
"2049-1",0,9,0,1,4
"2050-1",1,9,0,1,4
"2051-1",1,0,0,0,4
"2052-1",1,1,1,0,4
"2053-1",0,2,2,0,4
"2054-1",1,20,2,0,1
"2055-1",1,12,3,1,4
"2056-1",1,12,3,1,4
"2057-1",1,30,3,1,1
"2058-1",0,3,3,0,4
"2059-1",0,12,3,1,4
"2060-1",1,11,2,1,4
"2061-1",1,20,2,0,1
"2062-1",1,21,3,0,1
"2063-1",0,13,4,1,4
"2064-1",1,30,3,1,1
"2065-1",1,21,3,0,1
"2066-1",0,13,4,1,4
"2067-1",0,12,3,1,4
"2068-1",1,2,2,0,4
"2069-1",1,21,3,0,1
"2070-1",0,4,4,0,4
"2071-1",0,31,4,1,1
"2072-1",1,3,3,0,4
"2073-1",0,13,4,1,4
"2074-1",0,3,3,0,4
"2075-1",1,12,3,1,4
"2076-1",1,12,3,1,4
"2077-1",0,12,3,1,4
"2078-1",1,2,2,0,4
"2079-1",0,12,3,1,4
"2080-1",1,20,2,0,1
"2081-1",0,3,3,0,4
"2082-1",1,3,3,0,4
"2083-1",0,13,4,1,4
"2084-1",0,3,3,0,4
"2085-1",0,3,3,0,4
"2086-1",1,21,3,0,1
"2087-1",0,13,4,1,4
"2088-1",0,3,3,0,4
"2089-1",0,3,3,0,4
"2090-1",0,12,3,1,4
"2091-1",0,2,2,0,4
"2092-1",1,29,2,1,1
"2093-1",1,2,2,0,4
"2094-1",1,30,3,1,1
"2095-1",0,3,3,0,4
"2096-1",0,3,3,0,4
"2097-1",1,3,3,0,4
"2098-1",1,22,4,0,1
"2099-1",0,5,5,0,4
"2100-1",0,14,5,1,4
"2101-1",0,13,4,1,4
"2102-1",1,30,3,1,1
"2103-1",0,12,3,1,4
"2104-1",1,29,2,1,1
"2105-1",1,11,2,1,4
"2106-1",1,20,2,0,1
"2107-1",1,12,3,1,4
"2108-1",1,3,3,0,4
"2109-1",0,4,4,0,4
"2110-1",1,4,4,0,4
"2111-1",0,5,5,0,4
"2112-1",0,5,5,0,4
"2113-1",0,14,5,1,4
"2114-1",1,31,4,1,1
"2115-1",0,13,4,1,4
"2116-1",0,12,3,1,4
"2117-1",0,2,2,0,4
"2118-1",1,20,2,0,1
"2119-1",0,3,3,0,4
"2120-1",1,3,3,0,4
"2121-1",1,22,4,0,1
"2122-1",0,5,5,0,4
"2123-1",0,14,5,1,4
"2124-1",0,4,4,0,4
"2125-1",1,4,4,0,4
"2126-1",1,32,5,1,1
"2127-1",1,14,5,1,4
"2128-1",0,5,5,0,4
"2129-1",1,23,5,0,1
"2130-1",0,15,6,1,4
"2131-1",0,5,5,0,4
"2132-1",0,5,5,0,4
"2133-1",0,5,5,0,4
"2134-1",1,32,5,1,1
"2135-1",0,14,5,1,4
"2136-1",0,4,4,0,4
"2137-1",0,22,4,0,1
"2138-1",0,13,4,1,4
"2139-1",1,12,3,1,4
"2140-1",1,12,3,1,4
"2141-1",0,3,3,0,4
"2142-1",0,12,3,1,4
"2143-1",0,2,2,0,4
"2144-1",0,11,2,1,4
"2145-1",1,1,1,0,4
"2146-1",0,2,2,0,4
"2147-1",1,2,2,0,4
"2148-1",0,3,3,0,4
"2149-1",0,12,3,1,4
"2150-1",1,11,2,1,4
"2151-1",1,11,2,1,4
"2152-1",1,2,2,0,4
"2153-1",1,21,3,0,1
"2154-1",1,22,4,0,1
"2155-1",1,14,5,1,4
"2156-1",0,5,5,0,4
"2157-1",0,5,5,0,4
"2158-1",1,32,5,1,1
"2159-1",0,5,5,0,4
"2160-1",1,23,5,0,1
"2161-1",1,15,6,1,4
"2162-1",0,15,6,1,4
"2163-1",0,5,5,0,4
"2164-1",0,14,5,1,4
"2165-1",0,4,4,0,4
"2166-1",1,22,4,0,1
"2167-1",0,14,5,1,4
"2168-1",1,31,4,1,1
"2169-1",0,4,4,0,4
"2170-1",0,22,4,0,1
"2171-1",1,22,4,0,1
"2172-1",0,14,5,1,4
"2173-1",1,22,4,0,1
"2174-1",0,14,5,1,4
"2175-1",1,4,4,0,4
"2176-1",1,23,5,0,1
"2177-1",0,6,6,0,4
"2178-1",1,24,6,0,1
"2179-1",0,7,7,0,4
"2180-1",0,16,7,1,4
"2181-1",1,6,6,0,4
"2182-1",0,7,7,0,4
"2183-1",0,16,7,1,4
"2184-1",1,33,6,1,1
"2185-1",1,6,6,0,4
"2186-1",0,16,7,1,4
"2187-1",0,6,6,0,4
"2188-1",0,15,6,1,4
"2189-1",0,14,5,1,4
"2190-1",0,4,4,0,4
"2191-1",0,13,4,1,4
"2192-1",0,30,3,1,1
"2193-1",0,2,2,0,4
"2194-1",1,20,2,0,1
"2195-1",0,12,3,1,4
"2196-1",0,11,2,1,4
"2197-1",1,1,1,0,4
"2198-1",1,2,2,0,4
"2199-1",1,21,3,0,1
"2200-1",0,13,4,1,4
"2201-1",0,12,3,1,4
"2202-1",0,11,2,1,4
"2203-1",1,10,1,1,4
"2204-1",0,1,1,0,4
"2205-1",0,1,1,0,4
"2206-1",1,28,1,1,1
"2207-1",0,10,1,1,4
"2208-1",1,9,0,1,4
"2209-1",0,0,0,0,4
"2210-1",0,0,0,0,4
"2211-1",1,18,0,0,1
"2212-1",1,1,1,0,4
"2213-1",1,11,2,1,4
"2214-1",0,11,2,1,4
"2215-1",0,1,1,0,4
"2216-1",1,10,1,1,4
"2217-1",0,10,1,1,4
"2218-1",1,27,0,1,1
"2219-1",1,18,0,0,1
"2220-1",1,10,1,1,4
"2221-1",1,1,1,0,4
"2222-1",1,11,2,1,4
"2223-1",1,20,2,0,1
"2224-1",0,3,3,0,4
"2225-1",1,12,3,1,4
"2226-1",0,12,3,1,4
"2227-1",0,2,2,0,4
"2228-1",0,29,2,1,1
"2229-1",1,1,1,0,4
"2230-1",0,2,2,0,4
"2231-1",1,11,2,1,4
"2232-1",0,2,2,0,4
"2233-1",1,29,2,1,1
"2234-1",0,11,2,1,4
"2235-1",1,19,1,0,1
"2236-1",0,2,2,0,4
"2237-1",1,11,2,1,4
"2238-1",0,11,2,1,4
"2239-1",1,10,1,1,4
"2240-1",1,10,1,1,4
"2241-1",0,10,1,1,4
"2242-1",0,0,0,0,4
"2243-1",1,0,0,0,4
"2244-1",1,10,1,1,4
"2245-1",1,28,1,1,1
"2246-1",0,1,1,0,4
"2247-1",0,28,1,1,1
"2248-1",0,0,0,0,4
"2249-1",1,9,0,1,4
"2250-1",1,0,0,0,4
"2251-1",1,28,1,1,1
"2252-1",1,10,1,1,4
"2253-1",0,1,1,0,4
"2254-1",0,1,1,0,4
"2255-1",1,10,1,1,4
"2256-1",0,10,1,1,4
"2257-1",1,9,0,1,4
"2258-1",0,0,0,0,4
"2259-1",0,9,0,1,4
"2260-1",1,0,0,0,4
"2261-1",0,10,1,1,4
"2262-1",0,0,0,0,4
"2263-1",1,0,0,0,4
"2264-1",1,19,1,0,1
"2265-1",0,2,2,0,4
"2266-1",0,2,2,0,4
"2267-1",1,11,2,1,4
"2268-1",1,11,2,1,4
"2269-1",1,29,2,1,1
"2270-1",0,2,2,0,4
"2271-1",0,11,2,1,4
"2272-1",1,19,1,0,1
"2273-1",1,2,2,0,4
"2274-1",1,21,3,0,1
"2275-1",0,13,4,1,4
"2276-1",1,21,3,0,1
"2277-1",1,13,4,1,4
"2278-1",1,13,4,1,4
"2279-1",1,22,4,0,1
"2280-1",0,5,5,0,4
"2281-1",1,32,5,1,1
"2282-1",0,14,5,1,4
"2283-1",1,31,4,1,1
"2284-1",0,4,4,0,4
"2285-1",0,13,4,1,4
"2286-1",0,12,3,1,4
"2287-1",1,11,2,1,4
"2288-1",0,11,2,1,4
"2289-1",0,1,1,0,4
"2290-1",0,10,1,1,4
"2291-1",1,9,0,1,4
"2292-1",1,27,0,1,1
"2293-1",1,9,0,1,4
"2294-1",0,9,0,1,4
"2295-1",1,0,0,0,4
"2296-1",0,1,1,0,4
"2297-1",1,10,1,1,4
"2298-1",0,1,1,0,4
"2299-1",1,19,1,0,1
"2300-1",1,2,2,0,4
"2301-1",0,12,3,1,4
"2302-1",1,11,2,1,4
"2303-1",1,2,2,0,4
"2304-1",1,3,3,0,4
"2305-1",1,22,4,0,1
"2306-1",0,5,5,0,4
"2307-1",0,14,5,1,4
"2308-1",0,13,4,1,4
"2309-1",0,12,3,1,4
"2310-1",1,2,2,0,4
"2311-1",0,12,3,1,4
"2312-1",0,2,2,0,4
"2313-1",1,11,2,1,4
"2314-1",0,2,2,0,4
"2315-1",0,11,2,1,4
"2316-1",1,10,1,1,4
"2317-1",1,19,1,0,1
"2318-1",0,2,2,0,4
"2319-1",0,11,2,1,4
"2320-1",1,19,1,0,1
"2321-1",0,11,2,1,4
"2322-1",1,19,1,0,1
"2323-1",1,2,2,0,4
"2324-1",1,12,3,1,4
"2325-1",0,3,3,0,4
"2326-1",0,12,3,1,4
"2327-1",0,2,2,0,4
"2328-1",0,2,2,0,4
"2329-1",1,20,2,0,1
"2330-1",0,3,3,0,4
"2331-1",0,3,3,0,4
"2332-1",0,12,3,1,4
"2333-1",1,20,2,0,1
"2334-1",1,3,3,0,4
"2335-1",0,4,4,0,4
"2336-1",1,4,4,0,4
"2337-1",1,23,5,0,1
"2338-1",0,6,6,0,4
"2339-1",0,15,6,1,4
"2340-1",0,23,5,0,1
"2341-1",1,14,5,1,4
"2342-1",0,5,5,0,4
"2343-1",0,14,5,1,4
"2344-1",0,13,4,1,4
"2345-1",0,3,3,0,4
"2346-1",1,21,3,0,1
"2347-1",0,4,4,0,4
"2348-1",0,4,4,0,4
"2349-1",0,4,4,0,4
"2350-1",0,4,4,0,4
"2351-1",1,31,4,1,1
"2352-1",0,4,4,0,4
"2353-1",0,13,4,1,4
"2354-1",1,12,3,1,4
"2355-1",1,21,3,0,1
"2356-1",0,4,4,0,4
"2357-1",1,13,4,1,4
"2358-1",1,31,4,1,1
"2359-1",0,4,4,0,4
"2360-1",0,4,4,0,4
"2361-1",1,13,4,1,4
"2362-1",0,13,4,1,4
"2363-1",1,30,3,1,1
"2364-1",0,3,3,0,4
"2365-1",1,21,3,0,1
"2366-1",1,13,4,1,4
"2367-1",0,13,4,1,4
"2368-1",0,3,3,0,4
"2369-1",1,21,3,0,1
"2370-1",1,13,4,1,4
"2371-1",0,4,4,0,4
"2372-1",0,13,4,1,4
"2373-1",0,12,3,1,4
"2374-1",0,2,2,0,4
"2375-1",0,11,2,1,4
"2376-1",0,1,1,0,4
"2377-1",1,19,1,0,1
"2378-1",1,20,2,0,1
"2379-1",0,3,3,0,4
"2380-1",1,3,3,0,4
"2381-1",0,4,4,0,4
"2382-1",1,13,4,1,4
"2383-1",0,4,4,0,4
"2384-1",0,13,4,1,4
"2385-1",0,3,3,0,4
"2386-1",0,3,3,0,4
"2387-1",1,3,3,0,4
"2388-1",1,22,4,0,1
"2389-1",0,14,5,1,4
"2390-1",1,31,4,1,1
"2391-1",1,22,4,0,1
"2392-1",1,32,5,1,1
"2393-1",0,14,5,1,4
"2394-1",0,13,4,1,4
"2395-1",1,3,3,0,4
"2396-1",0,4,4,0,4
"2397-1",1,13,4,1,4
"2398-1",0,13,4,1,4
"2399-1",1,30,3,1,1
"2400-1",1,12,3,1,4
"2401-1",0,12,3,1,4
"2402-1",0,11,2,1,4
"2403-1",0,1,1,0,4
"2404-1",1,10,1,1,4
"2405-1",0,10,1,1,4
"2406-1",0,0,0,0,4
"2407-1",1,0,0,0,4
"2408-1",0,1,1,0,4
"2409-1",1,1,1,0,4
"2410-1",1,2,2,0,4
"2411-1",1,21,3,0,1
"2412-1",0,4,4,0,4
"2413-1",0,4,4,0,4
"2414-1",0,4,4,0,4
"2415-1",0,4,4,0,4
"2416-1",0,13,4,1,4
"2417-1",1,21,3,0,1
"2418-1",1,13,4,1,4
"2419-1",1,31,4,1,1
"2420-1",0,13,4,1,4
"2421-1",0,12,3,1,4
"2422-1",0,11,2,1,4
"2423-1",0,1,1,0,4
"2424-1",1,1,1,0,4
"2425-1",1,29,2,1,1
"2426-1",1,11,2,1,4
"2427-1",0,11,2,1,4
"2428-1",1,10,1,1,4
"2429-1",1,19,1,0,1
"2430-1",0,11,2,1,4
"2431-1",1,10,1,1,4
"2432-1",1,10,1,1,4
"2433-1",0,1,1,0,4
"2434-1",0,10,1,1,4
"2435-1",1,27,0,1,1
"2436-1",1,9,0,1,4
"2437-1",1,9,0,1,4
"2438-1",1,0,0,0,4
"2439-1",0,1,1,0,4
"2440-1",0,10,1,1,4
"2441-1",0,0,0,0,4
"2442-1",1,27,0,1,1
"2443-1",1,9,0,1,4
"2444-1",1,9,0,1,4
"2445-1",0,0,0,0,4
"2446-1",1,9,0,1,4
"2447-1",1,18,0,0,1
"2448-1",1,1,1,0,4
"2449-1",0,2,2,0,4
"2450-1",1,11,2,1,4
"2451-1",1,11,2,1,4
"2452-1",1,20,2,0,1
"2453-1",0,12,3,1,4
"2454-1",0,2,2,0,4
"2455-1",1,11,2,1,4
"2456-1",1,29,2,1,1
"2457-1",1,2,2,0,4
"2458-1",1,30,3,1,1
"2459-1",0,12,3,1,4
"2460-1",1,20,2,0,1
"2461-1",0,12,3,1,4
"2462-1",1,2,2,0,4
"2463-1",1,12,3,1,4
"2464-1",1,3,3,0,4
"2465-1",0,13,4,1,4
"2466-1",0,12,3,1,4
"2467-1",1,11,2,1,4
"2468-1",0,11,2,1,4
"2469-1",1,28,1,1,1
"2470-1",0,1,1,0,4
"2471-1",0,10,1,1,4
"2472-1",1,27,0,1,1
"2473-1",1,9,0,1,4
"2474-1",1,0,0,0,4
"2475-1",1,19,1,0,1
"2476-1",0,2,2,0,4
"2477-1",1,2,2,0,4
"2478-1",0,12,3,1,4
"2479-1",0,11,2,1,4
"2480-1",0,1,1,0,4
"2481-1",0,1,1,0,4
"2482-1",0,10,1,1,4
"2483-1",0,0,0,0,4
"2484-1",1,9,0,1,4
"2485-1",1,0,0,0,4
"2486-1",0,10,1,1,4
"2487-1",0,0,0,0,4
"2488-1",1,9,0,1,4
"2489-1",0,0,0,0,4
"2490-1",1,0,0,0,4
"2491-1",1,1,1,0,4
"2492-1",0,11,2,1,4
"2493-1",1,1,1,0,4
"2494-1",0,2,2,0,4
"2495-1",0,2,2,0,4
"2496-1",0,11,2,1,4
"2497-1",1,10,1,1,4
"2498-1",1,10,1,1,4
"2499-1",1,19,1,0,1
"2500-1",1,2,2,0,4
"2501-1",0,12,3,1,4
"2502-1",1,29,2,1,1
"2503-1",1,11,2,1,4
"2504-1",1,11,2,1,4
"2505-1",1,11,2,1,4
"2506-1",0,2,2,0,4
"2507-1",1,2,2,0,4
"2508-1",1,21,3,0,1
"2509-1",1,22,4,0,1
"2510-1",1,23,5,0,1
"2511-1",1,6,6,0,4
"2512-1",0,7,7,0,4
"2513-1",0,16,7,1,4
"2514-1",0,6,6,0,4
"2515-1",1,33,6,1,1
"2516-1",1,6,6,0,4
"2517-1",1,7,7,0,4
"2518-1",1,35,8,1,1
"2519-1",0,8,8,0,4
"2520-1",0,26,8,0,1
"2521-1",0,8,8,0,4
"2522-1",0,17,8,1,4
"2523-1",0,16,7,1,4
"2524-1",1,24,6,0,1
"2525-1",0,16,7,1,4
"2526-1",1,33,6,1,1
"2527-1",1,33,6,1,1
"2528-1",1,15,6,1,4
"2529-1",0,15,6,1,4
"2530-1",1,14,5,1,4
"2531-1",1,32,5,1,1
"2532-1",0,14,5,1,4
"2533-1",0,13,4,1,4
"2534-1",0,12,3,1,4
"2535-1",1,2,2,0,4
"2536-1",0,3,3,0,4
"2537-1",1,3,3,0,4
"2538-1",0,4,4,0,4
"2539-1",1,31,4,1,1
"2540-1",1,4,4,0,4
"2541-1",0,5,5,0,4
"2542-1",0,5,5,0,4
"2543-1",0,14,5,1,4
"2544-1",0,13,4,1,4
"2545-1",0,3,3,0,4
"2546-1",1,30,3,1,1
"2547-1",1,12,3,1,4
"2548-1",0,3,3,0,4
"2549-1",0,3,3,0,4
"2550-1",0,12,3,1,4
"2551-1",0,11,2,1,4
"2552-1",0,10,1,1,4
"2553-1",1,18,0,0,1
"2554-1",1,1,1,0,4
"2555-1",0,20,2,0,1
"2556-1",0,2,2,0,4
"2557-1",1,11,2,1,4
"2558-1",1,11,2,1,4
"2559-1",1,29,2,1,1
"2560-1",1,2,2,0,4
"2561-1",1,12,3,1,4
"2562-1",0,3,3,0,4
"2563-1",1,21,3,0,1
"2564-1",0,4,4,0,4
"2565-1",1,22,4,0,1
"2566-1",0,5,5,0,4
"2567-1",0,5,5,0,4
"2568-1",0,14,5,1,4
"2569-1",0,13,4,1,4
"2570-1",0,3,3,0,4
"2571-1",1,12,3,1,4
"2572-1",1,30,3,1,1
"2573-1",1,12,3,1,4
"2574-1",0,3,3,0,4
"2575-1",1,30,3,1,1
"2576-1",0,3,3,0,4
"2577-1",0,3,3,0,4
"2578-1",1,12,3,1,4
"2579-1",0,3,3,0,4
"2580-1",1,3,3,0,4
"2581-1",0,13,4,1,4
"2582-1",0,12,3,1,4
"2583-1",0,2,2,0,4
"2584-1",0,2,2,0,4
"2585-1",1,2,2,0,4
"2586-1",1,12,3,1,4
"2587-1",0,3,3,0,4
"2588-1",0,12,3,1,4
"2589-1",1,11,2,1,4
"2590-1",0,11,2,1,4
"2591-1",0,19,1,0,1
"2592-1",0,1,1,0,4
"2593-1",1,1,1,0,4
"2594-1",0,29,2,1,1
"2595-1",1,28,1,1,1
"2596-1",1,19,1,0,1
"2597-1",0,2,2,0,4
"2598-1",0,2,2,0,4
"2599-1",1,2,2,0,4
"2600-1",1,30,3,1,1
"2601-1",0,3,3,0,4
"2602-1",0,3,3,0,4
"2603-1",1,12,3,1,4
"2604-1",0,3,3,0,4
"2605-1",0,3,3,0,4
"2606-1",0,3,3,0,4
"2607-1",0,12,3,1,4
"2608-1",1,11,2,1,4
"2609-1",1,11,2,1,4
"2610-1",1,11,2,1,4
"2611-1",1,2,2,0,4
"2612-1",1,12,3,1,4
"2613-1",1,30,3,1,1
"2614-1",0,3,3,0,4
"2615-1",1,12,3,1,4
"2616-1",0,12,3,1,4
"2617-1",0,11,2,1,4
"2618-1",1,10,1,1,4
"2619-1",1,19,1,0,1
"2620-1",0,2,2,0,4
"2621-1",0,2,2,0,4
"2622-1",1,2,2,0,4
"2623-1",0,12,3,1,4
"2624-1",1,20,2,0,1
"2625-1",1,12,3,1,4
"2626-1",0,12,3,1,4
"2627-1",0,2,2,0,4
"2628-1",0,2,2,0,4
"2629-1",1,29,2,1,1
"2630-1",0,11,2,1,4
"2631-1",0,1,1,0,4
"2632-1",1,19,1,0,1
"2633-1",1,2,2,0,4
"2634-1",0,12,3,1,4
"2635-1",1,20,2,0,1
"2636-1",0,12,3,1,4
"2637-1",0,2,2,0,4
"2638-1",1,11,2,1,4
"2639-1",1,20,2,0,1
"2640-1",1,3,3,0,4
"2641-1",1,31,4,1,1
"2642-1",0,4,4,0,4
"2643-1",0,13,4,1,4
"2644-1",0,12,3,1,4
"2645-1",0,11,2,1,4
"2646-1",1,1,1,0,4
"2647-1",1,20,2,0,1
"2648-1",0,3,3,0,4
"2649-1",0,3,3,0,4
"2650-1",0,3,3,0,4
"2651-1",1,30,3,1,1
"2652-1",0,12,3,1,4
"2653-1",0,11,2,1,4
"2654-1",1,19,1,0,1
"2655-1",0,11,2,1,4
"2656-1",1,28,1,1,1
"2657-1",1,19,1,0,1
"2658-1",0,2,2,0,4
"2659-1",1,20,2,0,1
"2660-1",0,3,3,0,4
"2661-1",0,12,3,1,4
"2662-1",1,20,2,0,1
"2663-1",0,12,3,1,4
"2664-1",0,2,2,0,4
"2665-1",0,2,2,0,4
"2666-1",0,11,2,1,4
"2667-1",0,1,1,0,4
"2668-1",1,10,1,1,4
"2669-1",1,19,1,0,1
"2670-1",1,2,2,0,4
"2671-1",0,3,3,0,4
"2672-1",1,3,3,0,4
"2673-1",0,31,4,1,1
"2674-1",1,12,3,1,4
"2675-1",1,30,3,1,1
"2676-1",0,3,3,0,4
"2677-1",0,12,3,1,4
"2678-1",0,2,2,0,4
"2679-1",1,20,2,0,1
"2680-1",1,12,3,1,4
"2681-1",1,21,3,0,1
"2682-1",0,4,4,0,4
"2683-1",0,13,4,1,4
"2684-1",1,30,3,1,1
"2685-1",0,12,3,1,4
"2686-1",0,2,2,0,4
"2687-1",0,2,2,0,4
"2688-1",1,29,2,1,1
"2689-1",1,11,2,1,4
"2690-1",1,29,2,1,1
"2691-1",0,2,2,0,4
"2692-1",0,11,2,1,4
"2693-1",0,1,1,0,4
"2694-1",1,28,1,1,1
"2695-1",0,1,1,0,4
"2696-1",1,1,1,0,4
"2697-1",0,2,2,0,4
"2698-1",0,11,2,1,4
"2699-1",0,1,1,0,4
"2700-1",1,28,1,1,1
"2701-1",0,19,1,0,1
"2702-1",0,10,1,1,4
"2703-1",1,27,0,1,1
"2704-1",1,18,0,0,1
"2705-1",1,19,1,0,1
"2706-1",0,2,2,0,4
"2707-1",0,11,2,1,4
"2708-1",1,28,1,1,1
"2709-1",1,10,1,1,4
"2710-1",1,10,1,1,4
"2711-1",1,1,1,0,4
"2712-1",1,20,2,0,1
"2713-1",0,3,3,0,4
"2714-1",1,21,3,0,1
"2715-1",1,31,4,1,1
"2716-1",0,4,4,0,4
"2717-1",0,4,4,0,4
"2718-1",1,4,4,0,4
"2719-1",0,5,5,0,4
"2720-1",1,23,5,0,1
"2721-1",0,6,6,0,4
"2722-1",0,15,6,1,4
"2723-1",1,23,5,0,1
"2724-1",0,6,6,0,4
"2725-1",0,24,6,0,1
"2726-1",0,15,6,1,4
"2727-1",0,5,5,0,4
"2728-1",1,14,5,1,4
"2729-1",0,5,5,0,4
"2730-1",1,32,5,1,1
"2731-1",0,14,5,1,4
"2732-1",0,13,4,1,4
"2733-1",0,12,3,1,4
"2734-1",1,2,2,0,4
"2735-1",0,12,3,1,4
"2736-1",0,11,2,1,4
"2737-1",0,1,1,0,4
"2738-1",0,1,1,0,4
"2739-1",1,19,1,0,1
"2740-1",0,11,2,1,4
"2741-1",0,1,1,0,4
"2742-1",1,10,1,1,4
"2743-1",1,19,1,0,1
"2744-1",0,11,2,1,4
"2745-1",0,10,1,1,4
"2746-1",1,0,0,0,4
"2747-1",1,19,1,0,1
"2748-1",0,11,2,1,4
"2749-1",0,10,1,1,4
"2750-1",1,9,0,1,4
"2751-1",1,27,0,1,1
"2752-1",1,18,0,0,1
"2753-1",1,1,1,0,4
"2754-1",1,29,2,1,1
"2755-1",1,29,2,1,1
"2756-1",1,11,2,1,4
"2757-1",0,2,2,0,4
"2758-1",1,29,2,1,1
"2759-1",0,11,2,1,4
"2760-1",1,10,1,1,4
"2761-1",1,1,1,0,4
"2762-1",1,2,2,0,4
"2763-1",0,12,3,1,4
"2764-1",1,2,2,0,4
"2765-1",1,30,3,1,1
"2766-1",0,12,3,1,4
"2767-1",1,11,2,1,4
"2768-1",1,29,2,1,1
"2769-1",0,2,2,0,4
"2770-1",0,2,2,0,4
"2771-1",0,11,2,1,4
"2772-1",1,10,1,1,4
"2773-1",1,19,1,0,1
"2774-1",1,20,2,0,1
"2775-1",1,12,3,1,4
"2776-1",0,21,3,0,1
"2777-1",0,30,3,1,1
"2778-1",0,2,2,0,4
"2779-1",1,2,2,0,4
"2780-1",1,30,3,1,1
"2781-1",0,12,3,1,4
"2782-1",1,29,2,1,1
"2783-1",0,2,2,0,4
"2784-1",1,2,2,0,4
"2785-1",0,3,3,0,4
"2786-1",1,21,3,0,1
"2787-1",0,4,4,0,4
"2788-1",0,13,4,1,4
"2789-1",0,3,3,0,4
"2790-1",0,3,3,0,4
"2791-1",0,12,3,1,4
"2792-1",0,11,2,1,4
"2793-1",1,10,1,1,4
"2794-1",1,10,1,1,4
"2795-1",1,10,1,1,4
"2796-1",0,10,1,1,4
"2797-1",1,0,0,0,4
"2798-1",1,28,1,1,1
"2799-1",0,10,1,1,4
"2800-1",1,18,0,0,1
"2801-1",1,1,1,0,4
"2802-1",0,11,2,1,4
"2803-1",1,10,1,1,4
"2804-1",0,1,1,0,4
"2805-1",1,10,1,1,4
"2806-1",1,19,1,0,1
"2807-1",0,2,2,0,4
"2808-1",0,2,2,0,4
"2809-1",1,20,2,0,1
"2810-1",0,3,3,0,4
"2811-1",0,3,3,0,4
"2812-1",0,3,3,0,4
"2813-1",1,30,3,1,1
"2814-1",0,3,3,0,4
"2815-1",1,3,3,0,4
"2816-1",0,13,4,1,4
"2817-1",1,12,3,1,4
"2818-1",0,12,3,1,4
"2819-1",0,11,2,1,4
"2820-1",1,10,1,1,4
"2821-1",0,1,1,0,4
"2822-1",0,1,1,0,4
"2823-1",1,28,1,1,1
"2824-1",0,1,1,0,4
"2825-1",0,1,1,0,4
"2826-1",0,10,1,1,4
"2827-1",0,0,0,0,4
"2828-1",1,9,0,1,4
"2829-1",0,0,0,0,4
"2830-1",1,18,0,0,1
"2831-1",1,10,1,1,4
"2832-1",1,10,1,1,4
"2833-1",1,1,1,0,4
"2834-1",0,11,2,1,4
"2835-1",1,10,1,1,4
"2836-1",1,19,1,0,1
"2837-1",1,29,2,1,1
"2838-1",0,11,2,1,4
"2839-1",0,10,1,1,4
"2840-1",0,0,0,0,4
"2841-1",0,9,0,1,4
"2842-1",1,9,0,1,4
"2843-1",1,27,0,1,1
"2844-1",1,9,0,1,4
"2845-1",1,0,0,0,4
"2846-1",0,1,1,0,4
"2847-1",1,28,1,1,1
"2848-1",0,10,1,1,4
"2849-1",1,0,0,0,4
"2850-1",0,10,1,1,4
"2851-1",1,0,0,0,4
"2852-1",1,1,1,0,4
"2853-1",1,20,2,0,1
"2854-1",0,3,3,0,4
"2855-1",0,12,3,1,4
"2856-1",0,11,2,1,4
"2857-1",1,1,1,0,4
"2858-1",1,11,2,1,4
"2859-1",1,2,2,0,4
"2860-1",0,12,3,1,4
"2861-1",0,11,2,1,4
"2862-1",0,1,1,0,4
"2863-1",0,1,1,0,4
"2864-1",0,10,1,1,4
"2865-1",1,9,0,1,4
"2866-1",1,9,0,1,4
"2867-1",1,9,0,1,4
"2868-1",1,27,0,1,1
"2869-1",1,18,0,0,1
"2870-1",0,10,1,1,4
"2871-1",1,9,0,1,4
"2872-1",0,9,0,1,4
"2873-1",1,9,0,1,4
"2874-1",1,0,0,0,4
"2875-1",0,1,1,0,4
"2876-1",1,28,1,1,1
"2877-1",0,10,1,1,4
"2878-1",1,9,0,1,4
"2879-1",1,9,0,1,4
"2880-1",1,9,0,1,4
"2881-1",1,0,0,0,4
"2882-1",0,1,1,0,4
"2883-1",0,10,1,1,4
"2884-1",0,0,0,0,4
"2885-1",1,0,0,0,4
"2886-1",1,10,1,1,4
"2887-1",1,10,1,1,4
"2888-1",1,1,1,0,4
"2889-1",1,11,2,1,4
"2890-1",1,2,2,0,4
"2891-1",1,12,3,1,4
"2892-1",1,21,3,0,1
"2893-1",0,4,4,0,4
"2894-1",1,4,4,0,4
"2895-1",0,23,5,0,1
"2896-1",1,5,5,0,4
"2897-1",0,6,6,0,4
"2898-1",0,6,6,0,4
"2899-1",1,33,6,1,1
"2900-1",0,6,6,0,4
"2901-1",0,15,6,1,4
"2902-1",1,23,5,0,1
"2903-1",0,15,6,1,4
"2904-1",0,5,5,0,4
"2905-1",0,5,5,0,4
"2906-1",0,14,5,1,4
"2907-1",0,13,4,1,4
"2908-1",0,3,3,0,4
"2909-1",0,12,3,1,4
"2910-1",0,11,2,1,4
"2911-1",1,28,1,1,1
"2912-1",0,1,1,0,4
"2913-1",1,10,1,1,4
"2914-1",1,28,1,1,1
"2915-1",0,1,1,0,4
"2916-1",1,10,1,1,4
"2917-1",0,1,1,0,4
"2918-1",1,28,1,1,1
"2919-1",1,1,1,0,4
"2920-1",0,2,2,0,4
"2921-1",0,2,2,0,4
"2922-1",0,2,2,0,4
"2923-1",0,11,2,1,4
"2924-1",1,28,1,1,1
"2925-1",0,10,1,1,4
"2926-1",1,9,0,1,4
"2927-1",1,0,0,0,4
"2928-1",1,19,1,0,1
"2929-1",0,2,2,0,4
"2930-1",1,2,2,0,4
"2931-1",1,30,3,1,1
"2932-1",1,3,3,0,4
"2933-1",1,4,4,0,4
"2934-1",0,14,5,1,4
"2935-1",1,22,4,0,1
"2936-1",1,23,5,0,1
"2937-1",0,6,6,0,4
"2938-1",0,24,6,0,1
"2939-1",0,15,6,1,4
"2940-1",0,14,5,1,4
"2941-1",0,4,4,0,4
"2942-1",0,13,4,1,4
"2943-1",1,12,3,1,4
"2944-1",0,3,3,0,4
"2945-1",0,12,3,1,4
"2946-1",1,2,2,0,4
"2947-1",1,12,3,1,4
"2948-1",1,3,3,0,4
"2949-1",0,4,4,0,4
"2950-1",1,13,4,1,4
"2951-1",1,22,4,0,1
"2952-1",0,5,5,0,4
"2953-1",1,23,5,0,1
"2954-1",0,15,6,1,4
"2955-1",0,5,5,0,4
"2956-1",0,5,5,0,4
"2957-1",0,14,5,1,4
"2958-1",1,22,4,0,1
"2959-1",0,14,5,1,4
"2960-1",1,13,4,1,4
"2961-1",0,4,4,0,4
"2962-1",1,22,4,0,1
"2963-1",0,14,5,1,4
"2964-1",0,4,4,0,4
"2965-1",1,4,4,0,4
"2966-1",0,14,5,1,4
"2967-1",0,4,4,0,4
"2968-1",0,13,4,1,4
"2969-1",1,3,3,0,4
"2970-1",0,4,4,0,4
"2971-1",0,4,4,0,4
"2972-1",1,13,4,1,4
"2973-1",1,4,4,0,4
"2974-1",1,32,5,1,1
"2975-1",1,14,5,1,4
"2976-1",1,23,5,0,1
"2977-1",1,24,6,0,1
"2978-1",0,16,7,1,4
"2979-1",1,15,6,1,4
"2980-1",0,6,6,0,4
"2981-1",0,6,6,0,4
"2982-1",0,6,6,0,4
"2983-1",0,24,6,0,1
"2984-1",0,6,6,0,4
"2985-1",0,15,6,1,4
"2986-1",1,23,5,0,1
"2987-1",0,15,6,1,4
"2988-1",0,5,5,0,4
"2989-1",0,23,5,0,1
"2990-1",1,14,5,1,4
"2991-1",1,14,5,1,4
"2992-1",1,23,5,0,1
"2993-1",1,6,6,0,4
"2994-1",0,16,7,1,4
"2995-1",1,15,6,1,4
"2996-1",0,6,6,0,4
"2997-1",0,6,6,0,4
"2998-1",0,15,6,1,4
"2999-1",1,32,5,1,1
"3000-1",0,5,5,0,4
"3001-1",1,14,5,1,4
"3002-1",0,23,5,0,1
"3003-1",0,5,5,0,4
"3004-1",0,14,5,1,4
"3005-1",0,13,4,1,4
"3006-1",0,3,3,0,4
"3007-1",1,21,3,0,1
"3008-1",0,13,4,1,4
"3009-1",0,12,3,1,4
"3010-1",0,11,2,1,4
"3011-1",1,28,1,1,1
"3012-1",1,10,1,1,4
"3013-1",1,1,1,0,4
"3014-1",0,2,2,0,4
"3015-1",0,2,2,0,4
"3016-1",1,2,2,0,4
"3017-1",0,3,3,0,4
"3018-1",0,12,3,1,4
"3019-1",1,29,2,1,1
"3020-1",0,11,2,1,4
"3021-1",0,1,1,0,4
"3022-1",1,10,1,1,4
"3023-1",1,1,1,0,4
"3024-1",1,29,2,1,1
"3025-1",0,11,2,1,4
"3026-1",0,10,1,1,4
"3027-1",0,0,0,0,4
"3028-1",1,18,0,0,1
"3029-1",1,1,1,0,4
"3030-1",1,29,2,1,1
"3031-1",1,11,2,1,4
"3032-1",0,2,2,0,4
"3033-1",0,11,2,1,4
"3034-1",1,1,1,0,4
"3035-1",1,20,2,0,1
"3036-1",0,12,3,1,4
"3037-1",1,11,2,1,4
"3038-1",0,2,2,0,4
"3039-1",1,29,2,1,1
"3040-1",0,11,2,1,4
"3041-1",1,1,1,0,4
"3042-1",1,11,2,1,4
"3043-1",0,11,2,1,4
"3044-1",1,10,1,1,4
"3045-1",0,10,1,1,4
"3046-1",1,0,0,0,4
"3047-1",0,1,1,0,4
"3048-1",1,28,1,1,1
"3049-1",0,10,1,1,4
"3050-1",1,9,0,1,4
"3051-1",1,27,0,1,1
"3052-1",0,0,0,0,4
"3053-1",0,9,0,1,4
"3054-1",1,9,0,1,4
"3055-1",1,9,0,1,4
"3056-1",1,0,0,0,4
"3057-1",1,19,1,0,1
"3058-1",1,11,2,1,4
"3059-1",0,11,2,1,4
"3060-1",1,10,1,1,4
"3061-1",0,1,1,0,4
"3062-1",0,1,1,0,4
"3063-1",1,1,1,0,4
"3064-1",1,29,2,1,1
"3065-1",0,2,2,0,4
"3066-1",0,2,2,0,4
"3067-1",0,2,2,0,4
"3068-1",0,2,2,0,4
"3069-1",1,29,2,1,1
"3070-1",0,11,2,1,4
"3071-1",0,1,1,0,4
"3072-1",1,10,1,1,4
"3073-1",1,10,1,1,4
"3074-1",0,10,1,1,4
"3075-1",1,9,0,1,4
"3076-1",0,0,0,0,4
"3077-1",0,9,0,1,4
"3078-1",1,9,0,1,4
"3079-1",1,18,0,0,1
"3080-1",1,1,1,0,4
"3081-1",1,29,2,1,1
"3082-1",0,2,2,0,4
"3083-1",0,11,2,1,4
"3084-1",0,10,1,1,4
"3085-1",1,18,0,0,1
"3086-1",1,10,1,1,4
"3087-1",1,19,1,0,1
"3088-1",0,11,2,1,4
"3089-1",0,1,1,0,4
"3090-1",1,19,1,0,1
"3091-1",0,2,2,0,4
"3092-1",1,29,2,1,1
"3093-1",0,2,2,0,4
"3094-1",1,20,2,0,1
"3095-1",1,12,3,1,4
"3096-1",1,12,3,1,4
"3097-1",0,3,3,0,4
"3098-1",1,3,3,0,4
"3099-1",0,4,4,0,4
"3100-1",0,13,4,1,4
"3101-1",0,3,3,0,4
"3102-1",0,3,3,0,4
"3103-1",0,3,3,0,4
"3104-1",0,12,3,1,4
"3105-1",0,2,2,0,4
"3106-1",0,2,2,0,4
"3107-1",0,11,2,1,4
"3108-1",0,10,1,1,4
"3109-1",1,9,0,1,4
"3110-1",1,0,0,0,4
"3111-1",1,10,1,1,4
"3112-1",1,28,1,1,1
"3113-1",0,1,1,0,4
"3114-1",0,1,1,0,4
"3115-1",0,1,1,0,4
"3116-1",0,1,1,0,4
"3117-1",1,19,1,0,1
"3118-1",1,20,2,0,1
"3119-1",1,12,3,1,4
"3120-1",0,3,3,0,4
"3121-1",1,3,3,0,4
"3122-1",0,4,4,0,4
"3123-1",0,13,4,1,4
"3124-1",1,30,3,1,1
"3125-1",1,3,3,0,4
"3126-1",0,13,4,1,4
"3127-1",0,12,3,1,4
"3128-1",0,2,2,0,4
"3129-1",0,2,2,0,4
"3130-1",1,29,2,1,1
"3131-1",1,11,2,1,4
"3132-1",1,2,2,0,4
"3133-1",1,12,3,1,4
"3134-1",0,3,3,0,4
"3135-1",0,12,3,1,4
"3136-1",0,2,2,0,4
"3137-1",0,2,2,0,4
"3138-1",0,2,2,0,4
"3139-1",1,11,2,1,4
"3140-1",1,2,2,0,4
"3141-1",0,3,3,0,4
"3142-1",0,12,3,1,4
"3143-1",0,11,2,1,4
"3144-1",0,10,1,1,4
"3145-1",1,9,0,1,4
"3146-1",1,0,0,0,4
"3147-1",0,10,1,1,4
"3148-1",1,18,0,0,1
"3149-1",1,1,1,0,4
"3150-1",1,20,2,0,1
"3151-1",1,12,3,1,4
"3152-1",1,12,3,1,4
"3153-1",0,12,3,1,4
"3154-1",0,2,2,0,4
"3155-1",1,11,2,1,4
"3156-1",1,29,2,1,1
"3157-1",0,2,2,0,4
"3158-1",1,2,2,0,4
"3159-1",0,12,3,1,4
"3160-1",0,11,2,1,4
"3161-1",0,10,1,1,4
"3162-1",1,9,0,1,4
"3163-1",0,9,0,1,4
"3164-1",1,9,0,1,4
"3165-1",0,0,0,0,4
"3166-1",0,0,0,0,4
"3167-1",0,0,0,0,4
"3168-1",0,0,0,0,4
"3169-1",1,18,0,0,1
"3170-1",0,1,1,0,4
"3171-1",1,10,1,1,4
"3172-1",1,28,1,1,1
"3173-1",0,10,1,1,4
"3174-1",1,18,0,0,1
"3175-1",0,10,1,1,4
"3176-1",1,18,0,0,1
"3177-1",1,1,1,0,4
"3178-1",0,2,2,0,4
"3179-1",1,2,2,0,4
"3180-1",0,3,3,0,4
"3181-1",0,12,3,1,4
"3182-1",0,2,2,0,4
"3183-1",1,29,2,1,1
"3184-1",0,11,2,1,4
"3185-1",0,1,1,0,4
"3186-1",0,1,1,0,4
"3187-1",1,1,1,0,4
"3188-1",1,20,2,0,1
"3189-1",0,12,3,1,4
"3190-1",0,11,2,1,4
"3191-1",1,28,1,1,1
"3192-1",0,10,1,1,4
"3193-1",0,0,0,0,4
"3194-1",1,9,0,1,4
"3195-1",1,9,0,1,4
"3196-1",1,27,0,1,1
"3197-1",0,0,0,0,4
"3198-1",1,9,0,1,4
"3199-1",1,9,0,1,4
"3200-1",1,9,0,1,4
"3201-1",1,9,0,1,4
"3202-1",1,0,0,0,4
"3203-1",1,1,1,0,4
"3204-1",0,11,2,1,4
"3205-1",0,10,1,1,4
"3206-1",1,0,0,0,4
"3207-1",0,1,1,0,4
"3208-1",1,19,1,0,1
"3209-1",0,11,2,1,4
"3210-1",0,10,1,1,4
"3211-1",1,27,0,1,1
"3212-1",1,9,0,1,4
"3213-1",0,0,0,0,4
"3214-1",1,18,0,0,1
"3215-1",0,1,1,0,4
"3216-1",1,19,1,0,1
"3217-1",1,11,2,1,4
"3218-1",1,11,2,1,4
"3219-1",0,2,2,0,4
"3220-1",1,29,2,1,1
"3221-1",0,20,2,0,1
"3222-1",0,11,2,1,4
"3223-1",1,1,1,0,4
"3224-1",1,2,2,0,4
"3225-1",1,30,3,1,1
"3226-1",0,3,3,0,4
"3227-1",0,3,3,0,4
"3228-1",0,12,3,1,4
"3229-1",1,20,2,0,1
"3230-1",0,3,3,0,4
"3231-1",0,12,3,1,4
"3232-1",0,11,2,1,4
"3233-1",1,28,1,1,1
"3234-1",1,1,1,0,4
"3235-1",1,29,2,1,1
"3236-1",0,2,2,0,4
"3237-1",1,2,2,0,4
"3238-1",1,21,3,0,1
"3239-1",0,13,4,1,4
"3240-1",1,12,3,1,4
"3241-1",1,3,3,0,4
"3242-1",0,13,4,1,4
"3243-1",0,3,3,0,4
"3244-1",1,21,3,0,1
"3245-1",1,22,4,0,1
"3246-1",0,5,5,0,4
"3247-1",0,14,5,1,4
"3248-1",0,22,4,0,1
"3249-1",0,13,4,1,4
"3250-1",1,21,3,0,1
"3251-1",1,13,4,1,4
"3252-1",0,4,4,0,4
"3253-1",0,13,4,1,4
"3254-1",1,12,3,1,4
"3255-1",1,30,3,1,1
"3256-1",0,3,3,0,4
"3257-1",1,30,3,1,1
"3258-1",0,12,3,1,4
"3259-1",0,11,2,1,4
"3260-1",0,19,1,0,1
"3261-1",0,1,1,0,4
"3262-1",1,1,1,0,4
"3263-1",1,2,2,0,4
"3264-1",0,12,3,1,4
"3265-1",1,11,2,1,4
"3266-1",0,11,2,1,4
"3267-1",0,1,1,0,4
"3268-1",0,10,1,1,4
"3269-1",0,0,0,0,4
"3270-1",0,0,0,0,4
"3271-1",1,27,0,1,1
"3272-1",1,9,0,1,4
"3273-1",1,27,0,1,1
"3274-1",1,9,0,1,4
"3275-1",0,0,0,0,4
"3276-1",1,27,0,1,1
"3277-1",0,0,0,0,4
"3278-1",1,18,0,0,1
"3279-1",1,19,1,0,1
"3280-1",0,11,2,1,4
"3281-1",0,10,1,1,4
"3282-1",1,9,0,1,4
"3283-1",1,9,0,1,4
"3284-1",0,9,0,1,4
"3285-1",1,9,0,1,4
"3286-1",1,27,0,1,1
"3287-1",1,9,0,1,4
"3288-1",1,9,0,1,4
"3289-1",1,9,0,1,4
"3290-1",1,18,0,0,1
"3291-1",0,10,1,1,4
"3292-1",1,9,0,1,4
"3293-1",1,9,0,1,4
"3294-1",1,0,0,0,4
"3295-1",1,19,1,0,1
"3296-1",0,2,2,0,4
"3297-1",0,20,2,0,1
"3298-1",0,2,2,0,4
"3299-1",1,2,2,0,4
"3300-1",0,3,3,0,4
"3301-1",1,12,3,1,4
"3302-1",0,12,3,1,4
"3303-1",0,2,2,0,4
"3304-1",1,2,2,0,4
"3305-1",0,3,3,0,4
"3306-1",0,30,3,1,1
"3307-1",1,2,2,0,4
"3308-1",1,3,3,0,4
"3309-1",1,31,4,1,1
"3310-1",0,4,4,0,4
"3311-1",0,4,4,0,4
"3312-1",1,4,4,0,4
"3313-1",0,14,5,1,4
"3314-1",1,4,4,0,4
"3315-1",0,5,5,0,4
"3316-1",1,23,5,0,1
"3317-1",0,6,6,0,4
"3318-1",0,15,6,1,4
"3319-1",0,5,5,0,4
"3320-1",0,5,5,0,4
"3321-1",0,5,5,0,4
"3322-1",0,5,5,0,4
"3323-1",1,32,5,1,1
"3324-1",0,5,5,0,4
"3325-1",0,14,5,1,4
"3326-1",1,13,4,1,4
"3327-1",0,4,4,0,4
"3328-1",1,4,4,0,4
"3329-1",1,23,5,0,1
"3330-1",0,15,6,1,4
"3331-1",1,5,5,0,4
"3332-1",1,33,6,1,1
"3333-1",1,24,6,0,1
"3334-1",0,16,7,1,4
"3335-1",0,15,6,1,4
"3336-1",1,32,5,1,1
"3337-1",0,5,5,0,4
"3338-1",0,5,5,0,4
"3339-1",0,14,5,1,4
"3340-1",0,4,4,0,4
"3341-1",1,4,4,0,4
"3342-1",0,14,5,1,4
"3343-1",0,4,4,0,4
"3344-1",1,4,4,0,4
"3345-1",1,14,5,1,4
"3346-1",0,5,5,0,4
"3347-1",0,14,5,1,4
"3348-1",0,4,4,0,4
"3349-1",1,31,4,1,1
"3350-1",0,4,4,0,4
"3351-1",1,22,4,0,1
"3352-1",0,5,5,0,4
"3353-1",1,23,5,0,1
"3354-1",0,15,6,1,4
"3355-1",0,5,5,0,4
"3356-1",0,5,5,0,4
"3357-1",0,5,5,0,4
"3358-1",0,14,5,1,4
"3359-1",1,31,4,1,1
"3360-1",1,4,4,0,4
"3361-1",0,32,5,1,1
"3362-1",0,4,4,0,4
"3363-1",0,13,4,1,4
"3364-1",1,21,3,0,1
"3365-1",0,4,4,0,4
"3366-1",1,13,4,1,4
"3367-1",1,31,4,1,1
"3368-1",0,4,4,0,4
"3369-1",0,4,4,0,4
"3370-1",1,4,4,0,4
"3371-1",1,32,5,1,1
"3372-1",0,14,5,1,4
"3373-1",0,4,4,0,4
"3374-1",0,4,4,0,4
"3375-1",1,13,4,1,4
"3376-1",0,4,4,0,4
"3377-1",0,4,4,0,4
"3378-1",0,13,4,1,4
"3379-1",0,12,3,1,4
"3380-1",0,11,2,1,4
"3381-1",1,28,1,1,1
"3382-1",1,10,1,1,4
"3383-1",0,10,1,1,4
"3384-1",1,0,0,0,4
"3385-1",1,10,1,1,4
"3386-1",1,10,1,1,4
"3387-1",0,1,1,0,4
"3388-1",0,10,1,1,4
"3389-1",1,0,0,0,4
"3390-1",1,10,1,1,4
"3391-1",0,19,1,0,1
"3392-1",0,1,1,0,4
"3393-1",0,10,1,1,4
"3394-1",1,9,0,1,4
"3395-1",1,9,0,1,4
"3396-1",0,0,0,0,4
"3397-1",1,9,0,1,4
"3398-1",1,18,0,0,1
"3399-1",1,10,1,1,4
"3400-1",1,19,1,0,1
"3401-1",0,2,2,0,4
"3402-1",1,20,2,0,1
"3403-1",0,12,3,1,4
"3404-1",1,29,2,1,1
"3405-1",0,11,2,1,4
"3406-1",0,10,1,1,4
"3407-1",1,27,0,1,1
"3408-1",1,9,0,1,4
"3409-1",1,18,0,0,1
"3410-1",1,28,1,1,1
"3411-1",1,10,1,1,4
"3412-1",1,1,1,0,4
"3413-1",0,11,2,1,4
"3414-1",0,10,1,1,4
"3415-1",0,0,0,0,4
"3416-1",1,27,0,1,1
"3417-1",1,9,0,1,4
"3418-1",1,9,0,1,4
"3419-1",1,18,0,0,1
"3420-1",1,1,1,0,4
"3421-1",1,2,2,0,4
"3422-1",0,12,3,1,4
"3423-1",0,2,2,0,4
"3424-1",1,20,2,0,1
"3425-1",1,3,3,0,4
"3426-1",0,13,4,1,4
"3427-1",1,21,3,0,1
"3428-1",0,4,4,0,4
"3429-1",1,4,4,0,4
"3430-1",0,14,5,1,4
"3431-1",0,4,4,0,4
"3432-1",1,13,4,1,4
"3433-1",0,4,4,0,4
"3434-1",1,13,4,1,4
"3435-1",0,4,4,0,4
"3436-1",0,13,4,1,4
"3437-1",0,3,3,0,4
"3438-1",0,12,3,1,4
"3439-1",0,11,2,1,4
"3440-1",1,10,1,1,4
"3441-1",1,10,1,1,4
"3442-1",0,10,1,1,4
"3443-1",1,27,0,1,1
"3444-1",1,9,0,1,4
"3445-1",1,9,0,1,4
"3446-1",1,0,0,0,4
"3447-1",1,28,1,1,1
"3448-1",0,1,1,0,4
"3449-1",0,1,1,0,4
"3450-1",0,1,1,0,4
"3451-1",1,1,1,0,4
"3452-1",0,2,2,0,4
"3453-1",1,20,2,0,1
"3454-1",0,12,3,1,4
"3455-1",0,2,2,0,4
"3456-1",0,2,2,0,4
"3457-1",0,11,2,1,4
"3458-1",1,10,1,1,4
"3459-1",0,10,1,1,4
"3460-1",1,0,0,0,4
"3461-1",0,10,1,1,4
"3462-1",1,0,0,0,4
"3463-1",1,10,1,1,4
"3464-1",0,28,1,1,1
"3465-1",1,9,0,1,4
"3466-1",1,9,0,1,4
"3467-1",0,0,0,0,4
"3468-1",1,18,0,0,1
"3469-1",1,19,1,0,1
"3470-1",0,2,2,0,4
"3471-1",1,20,2,0,1
"3472-1",1,21,3,0,1
"3473-1",0,4,4,0,4
"3474-1",1,31,4,1,1
"3475-1",0,4,4,0,4
"3476-1",0,4,4,0,4
"3477-1",1,13,4,1,4
"3478-1",1,31,4,1,1
"3479-1",0,13,4,1,4
"3480-1",0,12,3,1,4
"3481-1",0,2,2,0,4
"3482-1",1,11,2,1,4
"3483-1",1,2,2,0,4
"3484-1",0,12,3,1,4
"3485-1",0,2,2,0,4
"3486-1",1,11,2,1,4
"3487-1",1,20,2,0,1
"3488-1",1,12,3,1,4
"3489-1",0,12,3,1,4
"3490-1",0,2,2,0,4
"3491-1",0,2,2,0,4
"3492-1",0,11,2,1,4
"3493-1",1,10,1,1,4
"3494-1",1,10,1,1,4
"3495-1",0,1,1,0,4
"3496-1",0,28,1,1,1
"3497-1",0,0,0,0,4
"3498-1",1,0,0,0,4
"3499-1",0,10,1,1,4
"3500-1",1,0,0,0,4
"3501-1",1,10,1,1,4
"3502-1",1,19,1,0,1
"3503-1",0,11,2,1,4
"3504-1",1,10,1,1,4
"3505-1",1,28,1,1,1
"3506-1",0,1,1,0,4
"3507-1",1,28,1,1,1
"3508-1",1,1,1,0,4
"3509-1",1,2,2,0,4
"3510-1",1,3,3,0,4
"3511-1",1,31,4,1,1
"3512-1",1,22,4,0,1
"3513-1",0,5,5,0,4
"3514-1",0,14,5,1,4
"3515-1",0,13,4,1,4
"3516-1",0,12,3,1,4
"3517-1",1,29,2,1,1
"3518-1",1,11,2,1,4
"3519-1",0,11,2,1,4
"3520-1",1,19,1,0,1
"3521-1",0,2,2,0,4
"3522-1",1,2,2,0,4
"3523-1",0,3,3,0,4
"3524-1",1,30,3,1,1
"3525-1",1,12,3,1,4
"3526-1",1,12,3,1,4
"3527-1",0,12,3,1,4
"3528-1",0,11,2,1,4
"3529-1",1,28,1,1,1
"3530-1",1,10,1,1,4
"3531-1",1,19,1,0,1
"3532-1",1,20,2,0,1
"3533-1",1,12,3,1,4
"3534-1",1,12,3,1,4
"3535-1",1,12,3,1,4
"3536-1",0,12,3,1,4
"3537-1",0,2,2,0,4
"3538-1",1,29,2,1,1
"3539-1",0,2,2,0,4
"3540-1",1,29,2,1,1
"3541-1",0,2,2,0,4
"3542-1",1,2,2,0,4
"3543-1",1,12,3,1,4
"3544-1",1,12,3,1,4
"3545-1",0,3,3,0,4
"3546-1",1,30,3,1,1
"3547-1",1,30,3,1,1
"3548-1",1,12,3,1,4
"3549-1",1,21,3,0,1
"3550-1",0,4,4,0,4
"3551-1",0,13,4,1,4
"3552-1",0,3,3,0,4
"3553-1",0,3,3,0,4
"3554-1",1,12,3,1,4
"3555-1",1,21,3,0,1
"3556-1",0,4,4,0,4
"3557-1",0,13,4,1,4
"3558-1",1,3,3,0,4
"3559-1",1,22,4,0,1
"3560-1",0,5,5,0,4
"3561-1",0,5,5,0,4
"3562-1",0,14,5,1,4
"3563-1",1,22,4,0,1
"3564-1",1,14,5,1,4
"3565-1",0,14,5,1,4
"3566-1",0,13,4,1,4
"3567-1",0,12,3,1,4
"3568-1",0,11,2,1,4
"3569-1",0,10,1,1,4
"3570-1",0,9,0,1,4
"3571-1",1,0,0,0,4
"3572-1",0,1,1,0,4
"3573-1",0,10,1,1,4
"3574-1",1,9,0,1,4
"3575-1",1,0,0,0,4
"3576-1",0,10,1,1,4
"3577-1",1,27,0,1,1
"3578-1",0,0,0,0,4
"3579-1",1,18,0,0,1
"3580-1",0,1,1,0,4
"3581-1",1,1,1,0,4
"3582-1",1,2,2,0,4
"3583-1",0,3,3,0,4
"3584-1",0,12,3,1,4
"3585-1",0,2,2,0,4
"3586-1",1,20,2,0,1
"3587-1",1,3,3,0,4
"3588-1",0,4,4,0,4
"3589-1",0,4,4,0,4
"3590-1",0,4,4,0,4
"3591-1",1,13,4,1,4
"3592-1",0,13,4,1,4
"3593-1",0,12,3,1,4
"3594-1",0,11,2,1,4
"3595-1",1,19,1,0,1
"3596-1",0,11,2,1,4
"3597-1",1,1,1,0,4
"3598-1",0,2,2,0,4
"3599-1",0,11,2,1,4
"3600-1",1,10,1,1,4
"3601-1",0,1,1,0,4
"3602-1",1,19,1,0,1
"3603-1",0,11,2,1,4
"3604-1",1,28,1,1,1
"3605-1",1,10,1,1,4
"3606-1",0,10,1,1,4
"3607-1",1,9,0,1,4
"3608-1",1,9,0,1,4
"3609-1",1,9,0,1,4
"3610-1",1,27,0,1,1
"3611-1",0,0,0,0,4
"3612-1",0,0,0,0,4
"3613-1",1,18,0,0,1
"3614-1",0,1,1,0,4
"3615-1",1,28,1,1,1
"3616-1",0,10,1,1,4
"3617-1",1,18,0,0,1
"3618-1",0,1,1,0,4
"3619-1",0,1,1,0,4
"3620-1",1,10,1,1,4
"3621-1",0,10,1,1,4
"3622-1",1,9,0,1,4
"3623-1",1,27,0,1,1
"3624-1",0,0,0,0,4
"3625-1",1,27,0,1,1
"3626-1",1,9,0,1,4
"3627-1",1,0,0,0,4
"3628-1",1,1,1,0,4
"3629-1",0,2,2,0,4
"3630-1",1,20,2,0,1
"3631-1",0,12,3,1,4
"3632-1",0,2,2,0,4
"3633-1",1,20,2,0,1
"3634-1",0,12,3,1,4
"3635-1",0,11,2,1,4
"3636-1",0,1,1,0,4
"3637-1",0,1,1,0,4
"3638-1",1,10,1,1,4
"3639-1",1,1,1,0,4
"3640-1",1,2,2,0,4
"3641-1",0,12,3,1,4
"3642-1",1,29,2,1,1
"3643-1",1,11,2,1,4
"3644-1",0,2,2,0,4
"3645-1",0,11,2,1,4
"3646-1",0,10,1,1,4
"3647-1",1,27,0,1,1
"3648-1",1,9,0,1,4
"3649-1",1,0,0,0,4
"3650-1",0,10,1,1,4
"3651-1",1,27,0,1,1
"3652-1",0,0,0,0,4
"3653-1",1,18,0,0,1
"3654-1",0,10,1,1,4
"3655-1",0,9,0,1,4
"3656-1",1,0,0,0,4
"3657-1",0,10,1,1,4
"3658-1",1,0,0,0,4
"3659-1",1,19,1,0,1
"3660-1",1,2,2,0,4
"3661-1",0,3,3,0,4
"3662-1",0,3,3,0,4
"3663-1",1,21,3,0,1
"3664-1",1,13,4,1,4
"3665-1",0,4,4,0,4
"3666-1",0,13,4,1,4
"3667-1",1,30,3,1,1
"3668-1",0,12,3,1,4
"3669-1",0,11,2,1,4
"3670-1",0,10,1,1,4
"3671-1",1,18,0,0,1
"3672-1",0,10,1,1,4
"3673-1",1,18,0,0,1
"3674-1",0,10,1,1,4
"3675-1",1,18,0,0,1
"3676-1",1,10,1,1,4
"3677-1",1,28,1,1,1
"3678-1",0,1,1,0,4
"3679-1",1,28,1,1,1
"3680-1",1,10,1,1,4
"3681-1",0,10,1,1,4
"3682-1",1,0,0,0,4
"3683-1",0,10,1,1,4
"3684-1",1,9,0,1,4
"3685-1",1,18,0,0,1
"3686-1",1,10,1,1,4
"3687-1",0,1,1,0,4
"3688-1",1,28,1,1,1
"3689-1",0,10,1,1,4
"3690-1",1,27,0,1,1
"3691-1",1,0,0,0,4
"3692-1",0,10,1,1,4
"3693-1",1,27,0,1,1
"3694-1",0,0,0,0,4
"3695-1",1,0,0,0,4
"3696-1",0,1,1,0,4
"3697-1",0,1,1,0,4
"3698-1",0,1,1,0,4
"3699-1",0,1,1,0,4
"3700-1",0,1,1,0,4
"3701-1",1,10,1,1,4
"3702-1",1,10,1,1,4
"3703-1",1,1,1,0,4
"3704-1",1,29,2,1,1
"3705-1",0,2,2,0,4
"3706-1",1,11,2,1,4
"3707-1",1,11,2,1,4
"3708-1",0,11,2,1,4
"3709-1",0,10,1,1,4
"3710-1",0,0,0,0,4
"3711-1",1,0,0,0,4
"3712-1",0,1,1,0,4
"3713-1",1,10,1,1,4
"3714-1",1,10,1,1,4
"3715-1",1,10,1,1,4
"3716-1",0,1,1,0,4
"3717-1",1,10,1,1,4
"3718-1",1,19,1,0,1
"3719-1",0,11,2,1,4
"3720-1",1,19,1,0,1
"3721-1",0,11,2,1,4
"3722-1",1,10,1,1,4
"3723-1",0,1,1,0,4
"3724-1",0,10,1,1,4
"3725-1",1,0,0,0,4
"3726-1",0,1,1,0,4
"3727-1",1,1,1,0,4
"3728-1",1,20,2,0,1
"3729-1",1,3,3,0,4
"3730-1",0,4,4,0,4
"3731-1",1,22,4,0,1
"3732-1",1,23,5,0,1
"3733-1",1,6,6,0,4
"3734-1",0,16,7,1,4
"3735-1",0,15,6,1,4
"3736-1",0,5,5,0,4
"3737-1",0,14,5,1,4
"3738-1",0,4,4,0,4
"3739-1",0,4,4,0,4
"3740-1",0,4,4,0,4
"3741-1",1,22,4,0,1
"3742-1",0,14,5,1,4
"3743-1",0,4,4,0,4
"3744-1",0,4,4,0,4
"3745-1",0,4,4,0,4
"3746-1",1,13,4,1,4
"3747-1",0,4,4,0,4
"3748-1",0,13,4,1,4
"3749-1",1,12,3,1,4
"3750-1",0,12,3,1,4
"3751-1",0,2,2,0,4
"3752-1",1,2,2,0,4
"3753-1",1,30,3,1,1
"3754-1",0,3,3,0,4
"3755-1",0,12,3,1,4
"3756-1",0,2,2,0,4
"3757-1",0,11,2,1,4
"3758-1",1,1,1,0,4
"3759-1",1,11,2,1,4
"3760-1",0,2,2,0,4
"3761-1",1,29,2,1,1
"3762-1",0,2,2,0,4
"3763-1",1,29,2,1,1
"3764-1",1,11,2,1,4
"3765-1",1,11,2,1,4
"3766-1",1,2,2,0,4
"3767-1",0,3,3,0,4
"3768-1",0,12,3,1,4
"3769-1",0,2,2,0,4
"3770-1",1,29,2,1,1
"3771-1",1,11,2,1,4
"3772-1",1,20,2,0,1
"3773-1",0,3,3,0,4
"3774-1",0,21,3,0,1
"3775-1",0,12,3,1,4
"3776-1",0,11,2,1,4
"3777-1",0,1,1,0,4
"3778-1",1,10,1,1,4
"3779-1",0,1,1,0,4
"3780-1",1,10,1,1,4
"3781-1",1,1,1,0,4
"3782-1",1,29,2,1,1
"3783-1",0,11,2,1,4
"3784-1",1,28,1,1,1
"3785-1",1,10,1,1,4
"3786-1",0,10,1,1,4
"3787-1",0,0,0,0,4
"3788-1",0,0,0,0,4
"3789-1",1,0,0,0,4
"3790-1",1,1,1,0,4
"3791-1",1,29,2,1,1
"3792-1",0,2,2,0,4
"3793-1",0,11,2,1,4
"3794-1",0,1,1,0,4
"3795-1",1,19,1,0,1
"3796-1",0,2,2,0,4
"3797-1",0,2,2,0,4
"3798-1",1,2,2,0,4
"3799-1",1,12,3,1,4
"3800-1",1,3,3,0,4
"3801-1",0,13,4,1,4
"3802-1",0,21,3,0,1
"3803-1",0,3,3,0,4
"3804-1",0,12,3,1,4
"3805-1",0,2,2,0,4
"3806-1",0,11,2,1,4
"3807-1",1,10,1,1,4
"3808-1",1,28,1,1,1
"3809-1",1,10,1,1,4
"3810-1",1,19,1,0,1
"3811-1",1,20,2,0,1
"3812-1",1,12,3,1,4
"3813-1",0,3,3,0,4
"3814-1",0,12,3,1,4
"3815-1",1,11,2,1,4
"3816-1",0,11,2,1,4
"3817-1",1,1,1,0,4
"3818-1",0,2,2,0,4
"3819-1",1,2,2,0,4
"3820-1",1,12,3,1,4
"3821-1",0,3,3,0,4
"3822-1",0,30,3,1,1
"3823-1",0,2,2,0,4
"3824-1",0,2,2,0,4
"3825-1",1,20,2,0,1
"3826-1",1,12,3,1,4
"3827-1",0,12,3,1,4
"3828-1",0,11,2,1,4
"3829-1",1,19,1,0,1
"3830-1",0,11,2,1,4
"3831-1",1,10,1,1,4
"3832-1",1,10,1,1,4
"3833-1",0,10,1,1,4
"3834-1",1,9,0,1,4
"3835-1",0,9,0,1,4
"3836-1",1,27,0,1,1
"3837-1",1,0,0,0,4
"3838-1",0,1,1,0,4
"3839-1",1,10,1,1,4
"3840-1",0,10,1,1,4
"3841-1",0,0,0,0,4
"3842-1",1,9,0,1,4
"3843-1",1,0,0,0,4
"3844-1",1,28,1,1,1
"3845-1",0,1,1,0,4
"3846-1",1,1,1,0,4
"3847-1",0,2,2,0,4
"3848-1",0,11,2,1,4
"3849-1",1,10,1,1,4
"3850-1",1,10,1,1,4
"3851-1",0,10,1,1,4
"3852-1",0,0,0,0,4
"3853-1",0,0,0,0,4
"3854-1",1,9,0,1,4
"3855-1",1,9,0,1,4
"3856-1",0,0,0,0,4
"3857-1",1,0,0,0,4
"3858-1",1,10,1,1,4
"3859-1",0,1,1,0,4
"3860-1",0,10,1,1,4
"3861-1",1,0,0,0,4
"3862-1",1,1,1,0,4
"3863-1",0,11,2,1,4
"3864-1",1,1,1,0,4
"3865-1",1,2,2,0,4
"3866-1",0,3,3,0,4
"3867-1",1,3,3,0,4
"3868-1",0,13,4,1,4
"3869-1",0,3,3,0,4
"3870-1",0,3,3,0,4
"3871-1",0,3,3,0,4
"3872-1",0,3,3,0,4
"3873-1",1,3,3,0,4
"3874-1",0,4,4,0,4
"3875-1",0,4,4,0,4
"3876-1",0,13,4,1,4
"3877-1",0,12,3,1,4
"3878-1",0,2,2,0,4
"3879-1",1,20,2,0,1
"3880-1",0,12,3,1,4
"3881-1",1,29,2,1,1
"3882-1",1,2,2,0,4
"3883-1",0,12,3,1,4
"3884-1",0,2,2,0,4
"3885-1",0,11,2,1,4
"3886-1",0,10,1,1,4
"3887-1",0,0,0,0,4
"3888-1",0,0,0,0,4
"3889-1",1,9,0,1,4
"3890-1",1,9,0,1,4
"3891-1",0,0,0,0,4
"3892-1",0,0,0,0,4
"3893-1",0,0,0,0,4
"3894-1",0,0,0,0,4
"3895-1",0,0,0,0,4
"3896-1",1,27,0,1,1
"3897-1",1,9,0,1,4
"3898-1",1,0,0,0,4
"3899-1",0,10,1,1,4
"3900-1",1,0,0,0,4
"3901-1",1,10,1,1,4
"3902-1",1,28,1,1,1
"3903-1",1,1,1,0,4
"3904-1",1,11,2,1,4
"3905-1",0,11,2,1,4
"3906-1",1,28,1,1,1
"3907-1",0,10,1,1,4
"3908-1",1,18,0,0,1
"3909-1",0,1,1,0,4
"3910-1",1,10,1,1,4
"3911-1",0,10,1,1,4
"3912-1",1,9,0,1,4
"3913-1",1,0,0,0,4
"3914-1",1,28,1,1,1
"3915-1",1,10,1,1,4
"3916-1",1,1,1,0,4
"3917-1",1,29,2,1,1
"3918-1",0,11,2,1,4
"3919-1",0,10,1,1,4
"3920-1",1,9,0,1,4
"3921-1",1,27,0,1,1
"3922-1",1,9,0,1,4
"3923-1",0,9,0,1,4
"3924-1",1,0,0,0,4
"3925-1",0,10,1,1,4
"3926-1",1,18,0,0,1
"3927-1",0,10,1,1,4
"3928-1",1,9,0,1,4
"3929-1",1,27,0,1,1
"3930-1",1,0,0,0,4
"3931-1",1,10,1,1,4
"3932-1",0,1,1,0,4
"3933-1",0,10,1,1,4
"3934-1",1,0,0,0,4
"3935-1",0,10,1,1,4
"3936-1",1,9,0,1,4
"3937-1",1,9,0,1,4
"3938-1",0,9,0,1,4
"3939-1",1,9,0,1,4
"3940-1",1,0,0,0,4
"3941-1",0,10,1,1,4
"3942-1",1,0,0,0,4
"3943-1",1,10,1,1,4
"3944-1",1,10,1,1,4
"3945-1",0,1,1,0,4
"3946-1",0,1,1,0,4
"3947-1",1,19,1,0,1
"3948-1",0,2,2,0,4
"3949-1",0,2,2,0,4
"3950-1",1,2,2,0,4
"3951-1",1,30,3,1,1
"3952-1",0,3,3,0,4
"3953-1",1,12,3,1,4
"3954-1",0,21,3,0,1
"3955-1",1,12,3,1,4
"3956-1",0,3,3,0,4
"3957-1",1,3,3,0,4
"3958-1",1,22,4,0,1
"3959-1",1,5,5,0,4
"3960-1",0,6,6,0,4
"3961-1",0,6,6,0,4
"3962-1",1,6,6,0,4
"3963-1",1,25,7,0,1
"3964-1",1,35,8,1,1
"3965-1",0,8,8,0,4
"3966-1",0,17,8,1,4
"3967-1",1,16,7,1,4
"3968-1",0,7,7,0,4
"3969-1",1,25,7,0,1
"3970-1",1,17,8,1,4
"3971-1",0,17,8,1,4
"3972-1",1,34,7,1,1
"3973-1",0,7,7,0,4
"3974-1",0,25,7,0,1
"3975-1",1,16,7,1,4
"3976-1",0,16,7,1,4
"3977-1",0,33,6,1,1
"3978-1",0,14,5,1,4
"3979-1",0,4,4,0,4
"3980-1",0,4,4,0,4
"3981-1",1,13,4,1,4
"3982-1",1,4,4,0,4
"3983-1",1,5,5,0,4
"3984-1",1,24,6,0,1
"3985-1",1,16,7,1,4
"3986-1",0,16,7,1,4
"3987-1",0,15,6,1,4
"3988-1",1,14,5,1,4
"3989-1",0,5,5,0,4
"3990-1",0,5,5,0,4
"3991-1",0,5,5,0,4
"3992-1",1,32,5,1,1
"3993-1",1,5,5,0,4
"3994-1",0,15,6,1,4
"3995-1",1,5,5,0,4
"3996-1",0,6,6,0,4
"3997-1",0,6,6,0,4
"3998-1",0,6,6,0,4
"3999-1",0,6,6,0,4
"4000-1",0,15,6,1,4
"4001-1",0,5,5,0,4
"4002-1",1,5,5,0,4
"4003-1",0,15,6,1,4
"4004-1",1,5,5,0,4
"4005-1",1,15,6,1,4
"4006-1",0,6,6,0,4
"4007-1",1,15,6,1,4
"4008-1",0,6,6,0,4
"4009-1",0,33,6,1,1
"4010-1",0,14,5,1,4
"4011-1",0,4,4,0,4
"4012-1",1,13,4,1,4
"4013-1",0,13,4,1,4
"4014-1",0,3,3,0,4
"4015-1",1,30,3,1,1
"4016-1",0,12,3,1,4
"4017-1",1,11,2,1,4
"4018-1",1,29,2,1,1
"4019-1",0,2,2,0,4
"4020-1",0,2,2,0,4
"4021-1",0,2,2,0,4
"4022-1",1,20,2,0,1
"4023-1",0,12,3,1,4
"4024-1",0,2,2,0,4
"4025-1",1,11,2,1,4
"4026-1",1,20,2,0,1
"4027-1",0,3,3,0,4
"4028-1",0,12,3,1,4
"4029-1",0,2,2,0,4
"4030-1",1,20,2,0,1
"4031-1",0,12,3,1,4
"4032-1",0,2,2,0,4
"4033-1",1,29,2,1,1
"4034-1",1,11,2,1,4
"4035-1",0,11,2,1,4
"4036-1",1,28,1,1,1
"4037-1",0,1,1,0,4
"4038-1",1,1,1,0,4
"4039-1",0,2,2,0,4
"4040-1",1,29,2,1,1
"4041-1",1,11,2,1,4
"4042-1",1,11,2,1,4
"4043-1",0,11,2,1,4
"4044-1",0,1,1,0,4
"4045-1",0,10,1,1,4
"4046-1",1,27,0,1,1
"4047-1",0,0,0,0,4
"4048-1",1,9,0,1,4
"4049-1",1,9,0,1,4
"4050-1",1,9,0,1,4
"4051-1",1,18,0,0,1
"4052-1",1,1,1,0,4
"4053-1",0,11,2,1,4
"4054-1",1,1,1,0,4
"4055-1",1,29,2,1,1
"4056-1",1,11,2,1,4
"4057-1",0,11,2,1,4
"4058-1",1,10,1,1,4
"4059-1",1,19,1,0,1
"4060-1",0,2,2,0,4
"4061-1",0,11,2,1,4
"4062-1",0,10,1,1,4
"4063-1",1,0,0,0,4
"4064-1",1,10,1,1,4
"4065-1",0,10,1,1,4
"4066-1",1,9,0,1,4
"4067-1",1,9,0,1,4
"4068-1",1,27,0,1,1
"4069-1",1,9,0,1,4
"4070-1",1,0,0,0,4
"4071-1",1,1,1,0,4
"4072-1",1,11,2,1,4
"4073-1",0,2,2,0,4
"4074-1",1,11,2,1,4
"4075-1",0,11,2,1,4
"4076-1",1,1,1,0,4
"4077-1",1,11,2,1,4
"4078-1",0,2,2,0,4
"4079-1",0,11,2,1,4
"4080-1",1,1,1,0,4
"4081-1",0,11,2,1,4
"4082-1",0,1,1,0,4
"4083-1",1,10,1,1,4
"4084-1",1,19,1,0,1
"4085-1",1,20,2,0,1
"4086-1",0,12,3,1,4
"4087-1",1,11,2,1,4
"4088-1",1,20,2,0,1
"4089-1",1,3,3,0,4
"4090-1",0,13,4,1,4
"4091-1",0,12,3,1,4
"4092-1",0,2,2,0,4
"4093-1",1,29,2,1,1
"4094-1",0,11,2,1,4
"4095-1",0,10,1,1,4
"4096-1",0,0,0,0,4
"4097-1",1,0,0,0,4
"4098-1",1,1,1,0,4
"4099-1",1,2,2,0,4
"4100-1",1,3,3,0,4
"4101-1",0,4,4,0,4
"4102-1",1,13,4,1,4
"4103-1",1,22,4,0,1
"4104-1",0,14,5,1,4
"4105-1",1,31,4,1,1
"4106-1",0,13,4,1,4
"4107-1",1,3,3,0,4
"4108-1",1,22,4,0,1
"4109-1",0,14,5,1,4
"4110-1",0,13,4,1,4
"4111-1",1,30,3,1,1
"4112-1",0,3,3,0,4
"4113-1",0,3,3,0,4
"4114-1",0,12,3,1,4
"4115-1",0,11,2,1,4
"4116-1",0,1,1,0,4
"4117-1",1,10,1,1,4
"4118-1",0,1,1,0,4
"4119-1",1,19,1,0,1
"4120-1",1,2,2,0,4
"4121-1",0,3,3,0,4
"4122-1",1,21,3,0,1
"4123-1",0,13,4,1,4
"4124-1",0,12,3,1,4
"4125-1",1,29,2,1,1
"4126-1",0,2,2,0,4
"4127-1",1,20,2,0,1
"4128-1",0,3,3,0,4
"4129-1",1,12,3,1,4
"4130-1",0,12,3,1,4
"4131-1",1,11,2,1,4
"4132-1",0,2,2,0,4
"4133-1",0,11,2,1,4
"4134-1",1,28,1,1,1
"4135-1",1,10,1,1,4
"4136-1",0,10,1,1,4
"4137-1",1,9,0,1,4
"4138-1",0,0,0,0,4
"4139-1",1,0,0,0,4
"4140-1",0,10,1,1,4
"4141-1",0,0,0,0,4
"4142-1",1,27,0,1,1
"4143-1",1,0,0,0,4
"4144-1",1,19,1,0,1
"4145-1",0,20,2,0,1
"4146-1",0,11,2,1,4
"4147-1",0,10,1,1,4
"4148-1",1,27,0,1,1
"4149-1",1,9,0,1,4
"4150-1",0,0,0,0,4
"4151-1",1,9,0,1,4
"4152-1",0,0,0,0,4
"4153-1",0,9,0,1,4
"4154-1",1,18,0,0,1
"4155-1",1,10,1,1,4
"4156-1",0,10,1,1,4
"4157-1",1,27,0,1,1
"4158-1",1,0,0,0,4
"4159-1",0,1,1,0,4
"4160-1",0,1,1,0,4
"4161-1",0,1,1,0,4
"4162-1",1,1,1,0,4
"4163-1",1,11,2,1,4
"4164-1",0,2,2,0,4
"4165-1",1,29,2,1,1
"4166-1",0,2,2,0,4
"4167-1",1,11,2,1,4
"4168-1",0,11,2,1,4
"4169-1",0,10,1,1,4
"4170-1",1,0,0,0,4
"4171-1",1,10,1,1,4
"4172-1",0,1,1,0,4
"4173-1",0,1,1,0,4
"4174-1",0,1,1,0,4
"4175-1",0,1,1,0,4
"4176-1",0,1,1,0,4
"4177-1",1,10,1,1,4
"4178-1",0,10,1,1,4
"4179-1",1,0,0,0,4
"4180-1",1,28,1,1,1
"4181-1",1,10,1,1,4
"4182-1",1,10,1,1,4
"4183-1",0,10,1,1,4
"4184-1",1,9,0,1,4
"4185-1",1,0,0,0,4
"4186-1",1,10,1,1,4
"4187-1",1,19,1,0,1
"4188-1",1,2,2,0,4
"4189-1",1,30,3,1,1
"4190-1",0,3,3,0,4
"4191-1",1,21,3,0,1
"4192-1",0,4,4,0,4
"4193-1",0,13,4,1,4
"4194-1",1,30,3,1,1
"4195-1",0,3,3,0,4
"4196-1",0,12,3,1,4
"4197-1",0,11,2,1,4
"4198-1",1,10,1,1,4
"4199-1",1,19,1,0,1
"4200-1",1,11,2,1,4
"4201-1",0,20,2,0,1
"4202-1",0,2,2,0,4
"4203-1",1,11,2,1,4
"4204-1",0,2,2,0,4
"4205-1",0,11,2,1,4
"4206-1",0,1,1,0,4
"4207-1",1,10,1,1,4
"4208-1",0,1,1,0,4
"4209-1",0,1,1,0,4
"4210-1",1,10,1,1,4
"4211-1",1,19,1,0,1
"4212-1",0,2,2,0,4
"4213-1",0,2,2,0,4
"4214-1",1,2,2,0,4
"4215-1",1,3,3,0,4
"4216-1",0,4,4,0,4
"4217-1",1,31,4,1,1
"4218-1",1,31,4,1,1
"4219-1",0,4,4,0,4
"4220-1",1,4,4,0,4
"4221-1",1,5,5,0,4
"4222-1",0,15,6,1,4
"4223-1",1,32,5,1,1
"4224-1",0,5,5,0,4
"4225-1",0,5,5,0,4
"4226-1",0,5,5,0,4
"4227-1",1,32,5,1,1
"4228-1",0,5,5,0,4
"4229-1",1,32,5,1,1
"4230-1",1,32,5,1,1
"4231-1",0,5,5,0,4
"4232-1",0,5,5,0,4
"4233-1",0,14,5,1,4
"4234-1",0,4,4,0,4
"4235-1",1,4,4,0,4
"4236-1",0,5,5,0,4
"4237-1",1,5,5,0,4
"4238-1",1,6,6,0,4
"4239-1",0,16,7,1,4
"4240-1",0,15,6,1,4
"4241-1",1,14,5,1,4
"4242-1",0,5,5,0,4
"4243-1",0,5,5,0,4
"4244-1",1,5,5,0,4
"4245-1",0,15,6,1,4
"4246-1",1,32,5,1,1
"4247-1",0,5,5,0,4
"4248-1",0,14,5,1,4
"4249-1",1,4,4,0,4
"4250-1",0,5,5,0,4
"4251-1",0,14,5,1,4
"4252-1",0,4,4,0,4
"4253-1",0,13,4,1,4
"4254-1",1,21,3,0,1
"4255-1",1,22,4,0,1
"4256-1",0,5,5,0,4
"4257-1",0,14,5,1,4
"4258-1",0,4,4,0,4
"4259-1",1,13,4,1,4
"4260-1",0,4,4,0,4
"4261-1",0,13,4,1,4
"4262-1",0,3,3,0,4
"4263-1",1,3,3,0,4
"4264-1",0,13,4,1,4
"4265-1",1,3,3,0,4
"4266-1",0,13,4,1,4
"4267-1",0,3,3,0,4
"4268-1",0,3,3,0,4
"4269-1",0,3,3,0,4
"4270-1",1,12,3,1,4
"4271-1",0,12,3,1,4
"4272-1",0,2,2,0,4
"4273-1",0,2,2,0,4
"4274-1",0,11,2,1,4
"4275-1",0,1,1,0,4
"4276-1",0,1,1,0,4
"4277-1",0,10,1,1,4
"4278-1",1,27,0,1,1
"4279-1",1,9,0,1,4
"4280-1",0,0,0,0,4
"4281-1",1,9,0,1,4
"4282-1",1,9,0,1,4
"4283-1",1,27,0,1,1
"4284-1",1,9,0,1,4
"4285-1",1,9,0,1,4
"4286-1",1,0,0,0,4
"4287-1",1,1,1,0,4
"4288-1",0,2,2,0,4
"4289-1",1,20,2,0,1
"4290-1",0,12,3,1,4
"4291-1",1,2,2,0,4
"4292-1",1,3,3,0,4
"4293-1",0,13,4,1,4
"4294-1",0,3,3,0,4
"4295-1",1,12,3,1,4
"4296-1",1,3,3,0,4
"4297-1",0,4,4,0,4
"4298-1",0,13,4,1,4
"4299-1",0,3,3,0,4
"4300-1",0,12,3,1,4
"4301-1",1,20,2,0,1
"4302-1",0,3,3,0,4
"4303-1",1,30,3,1,1
"4304-1",0,3,3,0,4
"4305-1",0,3,3,0,4
"4306-1",0,12,3,1,4
"4307-1",1,29,2,1,1
"4308-1",1,29,2,1,1
"4309-1",1,2,2,0,4
"4310-1",1,12,3,1,4
"4311-1",0,12,3,1,4
"4312-1",1,29,2,1,1
"4313-1",1,2,2,0,4
"4314-1",0,3,3,0,4
"4315-1",0,3,3,0,4
"4316-1",1,21,3,0,1
"4317-1",0,13,4,1,4
"4318-1",0,12,3,1,4
"4319-1",1,29,2,1,1
"4320-1",1,11,2,1,4
"4321-1",0,11,2,1,4
"4322-1",1,19,1,0,1
"4323-1",1,29,2,1,1
"4324-1",1,2,2,0,4
"4325-1",0,12,3,1,4
"4326-1",0,2,2,0,4
"4327-1",0,20,2,0,1
"4328-1",0,2,2,0,4
"4329-1",0,2,2,0,4
"4330-1",1,2,2,0,4
"4331-1",1,3,3,0,4
"4332-1",1,31,4,1,1
"4333-1",0,4,4,0,4
"4334-1",1,31,4,1,1
"4335-1",1,22,4,0,1
"4336-1",0,5,5,0,4
"4337-1",0,5,5,0,4
"4338-1",0,5,5,0,4
"4339-1",0,5,5,0,4
"4340-1",0,14,5,1,4
"4341-1",0,13,4,1,4
"4342-1",0,12,3,1,4
"4343-1",1,29,2,1,1
"4344-1",1,2,2,0,4
"4345-1",0,12,3,1,4
"4346-1",0,2,2,0,4
"4347-1",0,11,2,1,4
"4348-1",1,19,1,0,1
"4349-1",1,2,2,0,4
"4350-1",1,3,3,0,4
"4351-1",0,4,4,0,4
"4352-1",1,13,4,1,4
"4353-1",0,4,4,0,4
"4354-1",1,31,4,1,1
"4355-1",0,31,4,1,1
"4356-1",1,30,3,1,1
"4357-1",0,12,3,1,4
"4358-1",0,2,2,0,4
"4359-1",1,11,2,1,4
"4360-1",1,20,2,0,1
"4361-1",1,3,3,0,4
"4362-1",0,4,4,0,4
"4363-1",1,4,4,0,4
"4364-1",0,5,5,0,4
"4365-1",1,23,5,0,1
"4366-1",0,15,6,1,4
"4367-1",0,5,5,0,4
"4368-1",1,23,5,0,1
"4369-1",0,15,6,1,4
"4370-1",1,32,5,1,1
"4371-1",1,5,5,0,4
"4372-1",0,15,6,1,4
"4373-1",0,5,5,0,4
"4374-1",0,14,5,1,4
"4375-1",0,13,4,1,4
"4376-1",1,3,3,0,4
"4377-1",1,31,4,1,1
"4378-1",0,13,4,1,4
"4379-1",1,12,3,1,4
"4380-1",0,12,3,1,4
"4381-1",1,2,2,0,4
"4382-1",1,12,3,1,4
"4383-1",0,3,3,0,4
"4384-1",1,21,3,0,1
"4385-1",0,4,4,0,4
"4386-1",0,22,4,0,1
"4387-1",1,4,4,0,4
"4388-1",0,14,5,1,4
"4389-1",1,22,4,0,1
"4390-1",0,5,5,0,4
"4391-1",1,32,5,1,1
"4392-1",0,5,5,0,4
"4393-1",0,5,5,0,4
"4394-1",0,23,5,0,1
"4395-1",1,23,5,0,1
"4396-1",0,15,6,1,4
"4397-1",0,14,5,1,4
"4398-1",0,13,4,1,4
"4399-1",1,3,3,0,4
"4400-1",0,13,4,1,4
"4401-1",0,3,3,0,4
"4402-1",0,3,3,0,4
"4403-1",1,30,3,1,1
"4404-1",1,12,3,1,4
"4405-1",1,12,3,1,4
"4406-1",0,12,3,1,4
"4407-1",0,11,2,1,4
"4408-1",1,1,1,0,4
"4409-1",0,2,2,0,4
"4410-1",0,2,2,0,4
"4411-1",0,11,2,1,4
"4412-1",1,1,1,0,4
"4413-1",0,11,2,1,4
"4414-1",0,19,1,0,1
"4415-1",1,10,1,1,4
"4416-1",1,10,1,1,4
"4417-1",1,10,1,1,4
"4418-1",0,1,1,0,4
"4419-1",1,19,1,0,1
"4420-1",1,11,2,1,4
"4421-1",0,2,2,0,4
"4422-1",0,11,2,1,4
"4423-1",0,10,1,1,4
"4424-1",1,0,0,0,4
"4425-1",1,10,1,1,4
"4426-1",0,10,1,1,4
"4427-1",0,9,0,1,4
"4428-1",0,0,0,0,4
"4429-1",1,9,0,1,4
"4430-1",1,18,0,0,1
"4431-1",1,1,1,0,4
"4432-1",0,2,2,0,4
"4433-1",0,2,2,0,4
"4434-1",1,20,2,0,1
"4435-1",0,3,3,0,4
"4436-1",0,12,3,1,4
"4437-1",0,2,2,0,4
"4438-1",0,2,2,0,4
"4439-1",0,2,2,0,4
"4440-1",0,2,2,0,4
"4441-1",0,2,2,0,4
"4442-1",0,2,2,0,4
"4443-1",0,2,2,0,4
"4444-1",1,20,2,0,1
"4445-1",1,30,3,1,1
"4446-1",1,12,3,1,4
"4447-1",0,3,3,0,4
"4448-1",0,3,3,0,4
"4449-1",1,12,3,1,4
"4450-1",1,21,3,0,1
"4451-1",0,13,4,1,4
"4452-1",1,3,3,0,4
"4453-1",1,4,4,0,4
"4454-1",1,32,5,1,1
"4455-1",0,14,5,1,4
"4456-1",0,4,4,0,4
"4457-1",1,31,4,1,1
"4458-1",0,4,4,0,4
"4459-1",0,4,4,0,4
"4460-1",1,22,4,0,1
"4461-1",0,5,5,0,4
"4462-1",0,14,5,1,4
"4463-1",0,13,4,1,4
"4464-1",1,12,3,1,4
"4465-1",0,12,3,1,4
"4466-1",0,11,2,1,4
"4467-1",0,1,1,0,4
"4468-1",1,10,1,1,4
"4469-1",1,19,1,0,1
"4470-1",0,2,2,0,4
"4471-1",0,2,2,0,4
"4472-1",1,11,2,1,4
"4473-1",0,11,2,1,4
"4474-1",1,1,1,0,4
"4475-1",0,11,2,1,4
"4476-1",1,10,1,1,4
"4477-1",0,1,1,0,4
"4478-1",0,1,1,0,4
"4479-1",0,1,1,0,4
"4480-1",1,19,1,0,1
"4481-1",0,11,2,1,4
"4482-1",1,28,1,1,1
"4483-1",0,1,1,0,4
"4484-1",1,1,1,0,4
"4485-1",0,11,2,1,4
"4486-1",0,1,1,0,4
"4487-1",1,28,1,1,1
"4488-1",0,1,1,0,4
"4489-1",0,1,1,0,4
"4490-1",0,1,1,0,4
"4491-1",1,1,1,0,4
"4492-1",1,2,2,0,4
"4493-1",1,21,3,0,1
"4494-1",0,4,4,0,4
"4495-1",0,13,4,1,4
"4496-1",0,3,3,0,4
"4497-1",0,12,3,1,4
"4498-1",1,29,2,1,1
"4499-1",0,11,2,1,4
"4500-1",0,1,1,0,4
"4501-1",1,28,1,1,1
"4502-1",0,1,1,0,4
"4503-1",0,10,1,1,4
"4504-1",1,0,0,0,4
"4505-1",1,19,1,0,1
"4506-1",0,2,2,0,4
"4507-1",1,20,2,0,1
"4508-1",0,3,3,0,4
"4509-1",1,12,3,1,4
"4510-1",0,3,3,0,4
"4511-1",0,3,3,0,4
"4512-1",1,30,3,1,1
"4513-1",0,3,3,0,4
"4514-1",0,12,3,1,4
"4515-1",1,11,2,1,4
"4516-1",1,2,2,0,4
"4517-1",1,12,3,1,4
"4518-1",1,3,3,0,4
"4519-1",0,4,4,0,4
"4520-1",1,22,4,0,1
"4521-1",0,14,5,1,4
"4522-1",1,4,4,0,4
"4523-1",0,5,5,0,4
"4524-1",0,5,5,0,4
"4525-1",1,14,5,1,4
"4526-1",1,14,5,1,4
"4527-1",0,5,5,0,4
"4528-1",0,32,5,1,1
"4529-1",0,13,4,1,4
"4530-1",1,21,3,0,1
"4531-1",0,4,4,0,4
"4532-1",0,4,4,0,4
"4533-1",0,4,4,0,4
"4534-1",1,31,4,1,1
"4535-1",0,13,4,1,4
"4536-1",0,12,3,1,4
"4537-1",0,11,2,1,4
"4538-1",0,1,1,0,4
"4539-1",0,10,1,1,4
"4540-1",1,9,0,1,4
"4541-1",1,9,0,1,4
"4542-1",0,0,0,0,4
"4543-1",1,9,0,1,4
"4544-1",1,27,0,1,1
"4545-1",1,0,0,0,4
"4546-1",1,28,1,1,1
"4547-1",0,10,1,1,4
"4548-1",1,9,0,1,4
"4549-1",1,0,0,0,4
"4550-1",1,1,1,0,4
"4551-1",1,2,2,0,4
"4552-1",0,12,3,1,4
"4553-1",1,11,2,1,4
"4554-1",1,2,2,0,4
"4555-1",0,12,3,1,4
"4556-1",0,2,2,0,4
"4557-1",1,11,2,1,4
"4558-1",0,11,2,1,4
"4559-1",1,10,1,1,4
"4560-1",0,1,1,0,4
"4561-1",1,10,1,1,4
"4562-1",1,10,1,1,4
"4563-1",0,1,1,0,4
"4564-1",0,1,1,0,4
"4565-1",1,1,1,0,4
"4566-1",1,11,2,1,4
"4567-1",0,11,2,1,4
"4568-1",1,28,1,1,1
"4569-1",1,10,1,1,4
"4570-1",0,10,1,1,4
"4571-1",1,18,0,0,1
"4572-1",1,10,1,1,4
"4573-1",1,10,1,1,4
"4574-1",1,10,1,1,4
"4575-1",1,19,1,0,1
"4576-1",1,11,2,1,4
"4577-1",0,11,2,1,4
"4578-1",0,10,1,1,4
"4579-1",1,0,0,0,4
"4580-1",0,1,1,0,4
"4581-1",1,1,1,0,4
"4582-1",1,20,2,0,1
"4583-1",1,3,3,0,4
"4584-1",1,4,4,0,4
"4585-1",1,14,5,1,4
"4586-1",0,5,5,0,4
"4587-1",0,5,5,0,4
"4588-1",0,32,5,1,1
"4589-1",0,4,4,0,4
"4590-1",0,13,4,1,4
"4591-1",0,12,3,1,4
"4592-1",0,11,2,1,4
"4593-1",0,10,1,1,4
"4594-1",1,9,0,1,4
"4595-1",1,27,0,1,1
"4596-1",1,9,0,1,4
"4597-1",0,0,0,0,4
"4598-1",1,0,0,0,4
"4599-1",0,1,1,0,4
"4600-1",1,10,1,1,4
"4601-1",0,1,1,0,4
"4602-1",1,19,1,0,1
"4603-1",0,2,2,0,4
"4604-1",1,2,2,0,4
"4605-1",0,3,3,0,4
"4606-1",1,3,3,0,4
"4607-1",1,13,4,1,4
"4608-1",1,4,4,0,4
"4609-1",0,5,5,0,4
"4610-1",1,23,5,0,1
"4611-1",1,6,6,0,4
"4612-1",1,34,7,1,1
"4613-1",0,7,7,0,4
"4614-1",1,34,7,1,1
"4615-1",0,16,7,1,4
"4616-1",1,6,6,0,4
"4617-1",0,16,7,1,4
"4618-1",1,24,6,0,1
"4619-1",0,16,7,1,4
"4620-1",1,33,6,1,1
"4621-1",0,6,6,0,4
"4622-1",0,6,6,0,4
"4623-1",1,33,6,1,1
"4624-1",1,33,6,1,1
"4625-1",0,15,6,1,4
"4626-1",0,14,5,1,4
"4627-1",0,13,4,1,4
"4628-1",0,12,3,1,4
"4629-1",0,11,2,1,4
"4630-1",1,1,1,0,4
"4631-1",1,2,2,0,4
"4632-1",0,12,3,1,4
"4633-1",0,2,2,0,4
"4634-1",1,2,2,0,4
"4635-1",1,21,3,0,1
"4636-1",0,4,4,0,4
"4637-1",0,4,4,0,4
"4638-1",0,13,4,1,4
"4639-1",0,12,3,1,4
"4640-1",0,11,2,1,4
"4641-1",0,10,1,1,4
"4642-1",1,9,0,1,4
"4643-1",1,0,0,0,4
"4644-1",1,28,1,1,1
"4645-1",0,10,1,1,4
"4646-1",0,0,0,0,4
"4647-1",0,0,0,0,4
"4648-1",1,9,0,1,4
"4649-1",1,9,0,1,4
"4650-1",1,0,0,0,4
"4651-1",1,10,1,1,4
"4652-1",1,10,1,1,4
"4653-1",0,1,1,0,4
"4654-1",1,10,1,1,4
"4655-1",1,1,1,0,4
"4656-1",1,2,2,0,4
"4657-1",0,12,3,1,4
"4658-1",0,2,2,0,4
"4659-1",1,11,2,1,4
"4660-1",1,11,2,1,4
"4661-1",0,11,2,1,4
"4662-1",0,1,1,0,4
"4663-1",1,19,1,0,1
"4664-1",1,11,2,1,4
"4665-1",0,20,2,0,1
"4666-1",1,29,2,1,1
"4667-1",1,2,2,0,4
"4668-1",1,3,3,0,4
"4669-1",1,22,4,0,1
"4670-1",1,23,5,0,1
"4671-1",0,15,6,1,4
"4672-1",0,14,5,1,4
"4673-1",0,13,4,1,4
"4674-1",0,12,3,1,4
"4675-1",1,11,2,1,4
"4676-1",0,11,2,1,4
"4677-1",1,1,1,0,4
"4678-1",1,11,2,1,4
"4679-1",0,11,2,1,4
"4680-1",1,28,1,1,1
"4681-1",0,10,1,1,4
"4682-1",1,0,0,0,4
"4683-1",1,1,1,0,4
"4684-1",0,2,2,0,4
"4685-1",1,20,2,0,1
"4686-1",1,21,3,0,1
"4687-1",1,13,4,1,4
"4688-1",1,31,4,1,1
"4689-1",1,31,4,1,1
"4690-1",0,4,4,0,4
"4691-1",0,13,4,1,4
"4692-1",1,21,3,0,1
"4693-1",0,4,4,0,4
"4694-1",0,4,4,0,4
"4695-1",0,13,4,1,4
"4696-1",0,3,3,0,4
"4697-1",0,12,3,1,4
"4698-1",0,11,2,1,4
"4699-1",0,10,1,1,4
"4700-1",1,9,0,1,4
"4701-1",1,0,0,0,4
"4702-1",1,10,1,1,4
"4703-1",1,28,1,1,1
"4704-1",0,1,1,0,4
"4705-1",1,10,1,1,4
"4706-1",1,1,1,0,4
"4707-1",0,2,2,0,4
"4708-1",0,2,2,0,4
"4709-1",1,29,2,1,1
"4710-1",0,2,2,0,4
"4711-1",0,11,2,1,4
"4712-1",1,1,1,0,4
"4713-1",0,2,2,0,4
"4714-1",0,2,2,0,4
"4715-1",1,11,2,1,4
"4716-1",1,20,2,0,1
"4717-1",0,3,3,0,4
"4718-1",1,12,3,1,4
"4719-1",0,3,3,0,4
"4720-1",0,3,3,0,4
"4721-1",0,12,3,1,4
"4722-1",0,2,2,0,4
"4723-1",0,11,2,1,4
"4724-1",0,1,1,0,4
"4725-1",1,28,1,1,1
"4726-1",1,10,1,1,4
"4727-1",0,10,1,1,4
"4728-1",0,0,0,0,4
"4729-1",1,9,0,1,4
"4730-1",1,27,0,1,1
"4731-1",0,0,0,0,4
"4732-1",1,27,0,1,1
"4733-1",1,27,0,1,1
"4734-1",0,0,0,0,4
"4735-1",1,0,0,0,4
"4736-1",0,1,1,0,4
"4737-1",0,10,1,1,4
"4738-1",1,27,0,1,1
"4739-1",1,9,0,1,4
"4740-1",1,9,0,1,4
"4741-1",1,18,0,0,1
"4742-1",0,10,1,1,4
"4743-1",1,18,0,0,1
"4744-1",1,10,1,1,4
"4745-1",1,19,1,0,1
"4746-1",0,2,2,0,4
"4747-1",0,11,2,1,4
"4748-1",1,28,1,1,1
"4749-1",0,1,1,0,4
"4750-1",0,10,1,1,4
"4751-1",1,0,0,0,4
"4752-1",0,1,1,0,4
"4753-1",1,19,1,0,1
"4754-1",0,11,2,1,4
"4755-1",1,28,1,1,1
"4756-1",1,1,1,0,4
"4757-1",0,11,2,1,4
"4758-1",1,10,1,1,4
"4759-1",1,10,1,1,4
"4760-1",0,1,1,0,4
"4761-1",0,1,1,0,4
"4762-1",1,10,1,1,4
"4763-1",0,1,1,0,4
"4764-1",1,10,1,1,4
"4765-1",1,28,1,1,1
"4766-1",1,10,1,1,4
"4767-1",0,1,1,0,4
"4768-1",1,10,1,1,4
"4769-1",1,19,1,0,1
"4770-1",0,2,2,0,4
"4771-1",0,2,2,0,4
"4772-1",1,11,2,1,4
"4773-1",1,2,2,0,4
"4774-1",0,3,3,0,4
"4775-1",0,3,3,0,4
"4776-1",0,3,3,0,4
"4777-1",0,3,3,0,4
"4778-1",1,30,3,1,1
"4779-1",1,21,3,0,1
"4780-1",0,31,4,1,1
"4781-1",0,3,3,0,4
"4782-1",0,12,3,1,4
"4783-1",0,11,2,1,4
"4784-1",1,19,1,0,1
"4785-1",0,11,2,1,4
"4786-1",0,1,1,0,4
"4787-1",0,10,1,1,4
"4788-1",0,0,0,0,4
"4789-1",1,0,0,0,4
"4790-1",1,1,1,0,4
"4791-1",0,11,2,1,4
"4792-1",1,19,1,0,1
"4793-1",0,11,2,1,4
"4794-1",0,10,1,1,4
"4795-1",0,9,0,1,4
"4796-1",1,0,0,0,4
"4797-1",1,1,1,0,4
"4798-1",0,11,2,1,4
"4799-1",1,10,1,1,4
"4800-1",0,1,1,0,4
"4801-1",1,19,1,0,1
"4802-1",0,11,2,1,4
"4803-1",1,19,1,0,1
"4804-1",0,2,2,0,4
"4805-1",1,11,2,1,4
"4806-1",0,11,2,1,4
"4807-1",1,1,1,0,4
"4808-1",0,2,2,0,4
"4809-1",0,11,2,1,4
"4810-1",0,1,1,0,4
"4811-1",1,1,1,0,4
"4812-1",1,20,2,0,1
"4813-1",0,12,3,1,4
"4814-1",0,2,2,0,4
"4815-1",1,20,2,0,1
"4816-1",0,3,3,0,4
"4817-1",1,12,3,1,4
"4818-1",0,3,3,0,4
"4819-1",0,12,3,1,4
"4820-1",0,2,2,0,4
"4821-1",1,2,2,0,4
"4822-1",0,3,3,0,4
"4823-1",0,3,3,0,4
"4824-1",1,21,3,0,1
"4825-1",0,13,4,1,4
"4826-1",0,3,3,0,4
"4827-1",0,3,3,0,4
"4828-1",0,3,3,0,4
"4829-1",0,3,3,0,4
"4830-1",1,30,3,1,1
"4831-1",1,3,3,0,4
"4832-1",1,22,4,0,1
"4833-1",0,14,5,1,4
"4834-1",0,4,4,0,4
"4835-1",0,4,4,0,4
"4836-1",0,4,4,0,4
"4837-1",1,31,4,1,1
"4838-1",0,13,4,1,4
"4839-1",1,12,3,1,4
"4840-1",1,30,3,1,1
"4841-1",0,12,3,1,4
"4842-1",0,2,2,0,4
"4843-1",1,2,2,0,4
"4844-1",0,3,3,0,4
"4845-1",0,12,3,1,4
"4846-1",1,2,2,0,4
"4847-1",0,12,3,1,4
"4848-1",1,29,2,1,1
"4849-1",1,11,2,1,4
"4850-1",1,29,2,1,1
"4851-1",0,2,2,0,4
"4852-1",1,11,2,1,4
"4853-1",1,20,2,0,1
"4854-1",0,12,3,1,4
"4855-1",0,2,2,0,4
"4856-1",0,11,2,1,4
"4857-1",1,10,1,1,4
"4858-1",1,10,1,1,4
"4859-1",1,19,1,0,1
"4860-1",1,2,2,0,4
"4861-1",1,21,3,0,1
"4862-1",0,13,4,1,4
"4863-1",0,12,3,1,4
"4864-1",0,2,2,0,4
"4865-1",0,2,2,0,4
"4866-1",1,11,2,1,4
"4867-1",0,2,2,0,4
"4868-1",1,2,2,0,4
"4869-1",0,12,3,1,4
"4870-1",1,20,2,0,1
"4871-1",0,12,3,1,4
"4872-1",0,11,2,1,4
"4873-1",1,1,1,0,4
"4874-1",1,29,2,1,1
"4875-1",0,11,2,1,4
"4876-1",1,1,1,0,4
"4877-1",0,11,2,1,4
"4878-1",1,28,1,1,1
"4879-1",1,1,1,0,4
"4880-1",1,20,2,0,1
"4881-1",0,12,3,1,4
"4882-1",1,29,2,1,1
"4883-1",0,2,2,0,4
"4884-1",1,2,2,0,4
"4885-1",1,3,3,0,4
"4886-1",1,4,4,0,4
"4887-1",0,14,5,1,4
"4888-1",1,22,4,0,1
"4889-1",1,14,5,1,4
"4890-1",1,14,5,1,4
"4891-1",0,14,5,1,4
"4892-1",0,4,4,0,4
"4893-1",0,4,4,0,4
"4894-1",0,13,4,1,4
"4895-1",0,12,3,1,4
"4896-1",0,2,2,0,4
"4897-1",1,20,2,0,1
"4898-1",1,3,3,0,4
"4899-1",1,22,4,0,1
"4900-1",0,5,5,0,4
"4901-1",1,32,5,1,1
"4902-1",0,5,5,0,4
"4903-1",1,14,5,1,4
"4904-1",0,14,5,1,4
"4905-1",0,13,4,1,4
"4906-1",0,12,3,1,4
"4907-1",1,20,2,0,1
"4908-1",0,12,3,1,4
"4909-1",1,11,2,1,4
"4910-1",0,2,2,0,4
"4911-1",0,2,2,0,4
"4912-1",1,2,2,0,4
"4913-1",1,21,3,0,1
"4914-1",0,4,4,0,4
"4915-1",1,31,4,1,1
"4916-1",0,13,4,1,4
"4917-1",0,12,3,1,4
"4918-1",1,11,2,1,4
"4919-1",0,11,2,1,4
"4920-1",1,19,1,0,1
"4921-1",0,2,2,0,4
"4922-1",1,11,2,1,4
"4923-1",0,11,2,1,4
"4924-1",1,1,1,0,4
"4925-1",1,2,2,0,4
"4926-1",1,3,3,0,4
"4927-1",1,13,4,1,4
"4928-1",0,4,4,0,4
"4929-1",0,31,4,1,1
"4930-1",0,12,3,1,4
"4931-1",0,2,2,0,4
"4932-1",1,2,2,0,4
"4933-1",1,30,3,1,1
"4934-1",0,3,3,0,4
"4935-1",1,30,3,1,1
"4936-1",0,3,3,0,4
"4937-1",0,21,3,0,1
"4938-1",0,3,3,0,4
"4939-1",0,3,3,0,4
"4940-1",1,30,3,1,1
"4941-1",0,12,3,1,4
"4942-1",1,11,2,1,4
"4943-1",0,11,2,1,4
"4944-1",0,10,1,1,4
"4945-1",1,9,0,1,4
"4946-1",1,0,0,0,4
"4947-1",1,10,1,1,4
"4948-1",0,10,1,1,4
"4949-1",1,9,0,1,4
"4950-1",1,9,0,1,4
"4951-1",1,27,0,1,1
"4952-1",1,9,0,1,4
"4953-1",1,0,0,0,4
"4954-1",1,10,1,1,4
"4955-1",1,10,1,1,4
"4956-1",0,10,1,1,4
"4957-1",1,18,0,0,1
"4958-1",0,10,1,1,4
"4959-1",1,0,0,0,4
"4960-1",1,10,1,1,4
"4961-1",0,1,1,0,4
"4962-1",1,10,1,1,4
"4963-1",1,10,1,1,4
"4964-1",0,10,1,1,4
"4965-1",0,0,0,0,4
"4966-1",1,18,0,0,1
"4967-1",0,10,1,1,4
"4968-1",1,9,0,1,4
"4969-1",0,0,0,0,4
"4970-1",1,18,0,0,1
"4971-1",0,1,1,0,4
"4972-1",0,1,1,0,4
"4973-1",0,1,1,0,4
"4974-1",1,1,1,0,4
"4975-1",1,11,2,1,4
"4976-1",0,2,2,0,4
"4977-1",0,11,2,1,4
"4978-1",1,10,1,1,4
"4979-1",1,28,1,1,1
"4980-1",1,10,1,1,4
"4981-1",1,19,1,0,1
"4982-1",0,11,2,1,4
"4983-1",0,10,1,1,4
"4984-1",1,9,0,1,4
"4985-1",1,9,0,1,4
"4986-1",1,9,0,1,4
"4987-1",1,18,0,0,1
"4988-1",1,10,1,1,4
"4989-1",0,10,1,1,4
"4990-1",1,18,0,0,1
"4991-1",1,1,1,0,4
"4992-1",1,29,2,1,1
"4993-1",1,11,2,1,4
"4994-1",0,2,2,0,4
"4995-1",1,2,2,0,4
"4996-1",1,30,3,1,1
"4997-1",0,3,3,0,4
"4998-1",0,3,3,0,4
"4999-1",1,3,3,0,4
"5000-1",1,31,4,1,1